Handle,Title,Body (HTML),Vendor,Product Category,Type,Tags,Published,Option1 Name,Option1 Value,Option2 Name,Option2 Value,Option3 Name,Option3 Value,Variant SKU,Variant Grams,Variant Inventory Tracker,Variant Inventory Qty,Variant Inventory Policy,Variant Fulfillment Service,Variant Price,Variant Compare At Price,Variant Requires Shipping,Variant Taxable,Variant Barcode,Image Src,Image Position,Image Alt Text,Gift Card,SEO Title,SEO Description,Google Shopping / Google Product Category,Google Shopping / Gender,Google Shopping / Age Group,Google Shopping / MPN,Google Shopping / AdWords Grouping,Google Shopping / AdWords Labels,Google Shopping / Condition,Google Shopping / Custom Product,Google Shopping / Custom Label 0,Google Shopping / Custom Label 1,Google Shopping / Custom Label 2,Google Shopping / Custom Label 3,Google Shopping / Custom Label 4,Variant Image,Variant Weight Unit,Variant Tax Code,Cost per item,Price / International,Compare At Price / International,Status
3-pack-ribbed-triangular-scarves-mantri-mall,3-pack ribbed triangular scarves,,,Accessories,,"Accessories, baby, Mantri Mall",TRUE,Size,032,,,,,,,shopify,1000.0,deny,manual,799.00,,,,,https://image.hm.com/assets/hm/bf/16/bf164a1a2a2d666e071c99b25b44ba99234f6371.jpg?imwidth=1536,1,,,,,,,,,,,,,,,,,,,,,,,,active
3-pack-ribbed-triangular-scarves-mantri-mall,,,,,,,,,,,,,,,,,,,,,,,,,https://image.hm.com/assets/hm/c2/b8/c2b8440d8a733f8a03d4379c892ad557fb16f709.jpg?imwidth=1536,2,,,,,,,,,,,,,,,,,,,,,,,,
3-pack-ribbed-triangular-scarves-prestige-falcon-city,3-pack ribbed triangular scarves,,,Accessories,,"Accessories, baby, Prestige Falcon city",TRUE,Size,032,,,,,,,shopify,1000.0,deny,manual,799.00,,,,,https://image.hm.com/assets/hm/bf/16/bf164a1a2a2d666e071c99b25b44ba99234f6371.jpg?imwidth=1536,1,,,,,,,,,,,,,,,,,,,,,,,,active
3-pack-ribbed-triangular-scarves-prestige-falcon-city,,,,,,,,,,,,,,,,,,,,,,,,,https://image.hm.com/assets/hm/c2/b8/c2b8440d8a733f8a03d4379c892ad557fb16f709.jpg?imwidth=1536,2,,,,,,,,,,,,,,,,,,,,,,,,
knitted-chin-tie-beanie-mantri-mall,Knitted chin-tie beanie,,,Accessories,,"Accessories, baby, Mantri Mall",TRUE,Size,002,,,,,,,shopify,2000.0,deny,manual,749.00,,,,,https://image.hm.com/assets/hm/a5/81/a5810042756ee77f59521cc1a2f20dc758c3721f.jpg?imwidth=1536,1,,,,,,,,,,,,,,,,,,,,,,,,active
knitted-chin-tie-beanie-mantri-mall,,,,,,,,Size,008,,,,,,,shopify,2000.0,deny,manual,749.00,,,,,https://image.hm.com/assets/hm/a9/b7/a9b7c29b4c1e8d9de0b873592ad59ad2dabe4860.jpg?imwidth=1536,2,,,,,,,,,,,,,,,,,,,,,,,,
knitted-chin-tie-beanie-mantri-mall,,,,,,,,Size,011,,,,,,,shopify,2000.0,deny,manual,749.00,,,,,,,,,,,,,,,,,,,,,,,,,,,,,,
knitted-chin-tie-beanie-prestige-falcon-city,Knitted chin-tie beanie,,,Accessories,,"Accessories, baby, Prestige Falcon city",TRUE,Size,002,,,,,,,shopify,2000.0,deny,manual,749.00,,,,,https://image.hm.com/assets/hm/a5/81/a5810042756ee77f59521cc1a2f20dc758c3721f.jpg?imwidth=1536,1,,,,,,,,,,,,,,,,,,,,,,,,active
knitted-chin-tie-beanie-prestige-falcon-city,,,,,,,,Size,005,,,,,,,shopify,2000.0,deny,manual,749.00,,,,,https://image.hm.com/assets/hm/a9/b7/a9b7c29b4c1e8d9de0b873592ad59ad2dabe4860.jpg?imwidth=1536,2,,,,,,,,,,,,,,,,,,,,,,,,
knitted-chin-tie-beanie-prestige-falcon-city,,,,,,,,Size,008,,,,,,,shopify,1000.0,deny,manual,749.00,,,,,,,,,,,,,,,,,,,,,,,,,,,,,,
knitted-chin-tie-beanie-prestige-falcon-city,,,,,,,,Size,011,,,,,,,shopify,2000.0,deny,manual,749.00,,,,,,,,,,,,,,,,,,,,,,,,,,,,,,
motif-detail-cap-mantri-mall,Motif-detail cap,,,Accessories,,"Accessories, baby, Mantri Mall",TRUE,Size,005,,,,,,,shopify,2000.0,deny,manual,749.00,,,,,https://image.hm.com/assets/hm/52/19/5219e88ecf045d54814c9ac9624f8e91e0c5f225.jpg?imwidth=1536,1,,,,,,,,,,,,,,,,,,,,,,,,active
motif-detail-cap-mantri-mall,,,,,,,,Size,011,,,,,,,shopify,3000.0,deny,manual,749.00,,,,,https://image.hm.com/assets/hm/11/5f/115fd8e485f5e040c17787db41df9de0cba8833b.jpg?imwidth=1536,2,,,,,,,,,,,,,,,,,,,,,,,,
2-pack-ribbed-ear-detail-beanies-mantri-mall,2-pack ribbed ear-detail beanies,,,Accessories,,"Accessories, baby, Mantri Mall",TRUE,Size,011,,,,,,,shopify,2000.0,deny,manual,799.00,,,,,https://image.hm.com/assets/hm/80/c9/80c916e8107d3859490b204cdced5742200d1aae.jpg?imwidth=1536,1,,,,,,,,,,,,,,,,,,,,,,,,active
2-pack-ribbed-ear-detail-beanies-mantri-mall,,,,,,,,,,,,,,,,,,,,,,,,,https://image.hm.com/assets/hm/40/5f/405fda0f2c17d5e0ac4400003e5498df5edf2574.jpg?imwidth=1536,2,,,,,,,,,,,,,,,,,,,,,,,,
2-pack-ribbed-ear-detail-beanies-prestige-falcon-city,2-pack ribbed ear-detail beanies,,,Accessories,,"Accessories, baby, Prestige Falcon city",TRUE,Size,002,,,,,,,shopify,1000.0,deny,manual,799.00,,,,,https://image.hm.com/assets/hm/80/c9/80c916e8107d3859490b204cdced5742200d1aae.jpg?imwidth=1536,1,,,,,,,,,,,,,,,,,,,,,,,,active
2-pack-ribbed-ear-detail-beanies-prestige-falcon-city,,,,,,,,Size,011,,,,,,,shopify,1000.0,deny,manual,799.00,,,,,https://image.hm.com/assets/hm/40/5f/405fda0f2c17d5e0ac4400003e5498df5edf2574.jpg?imwidth=1536,2,,,,,,,,,,,,,,,,,,,,,,,,
cotton-cap-mantri-mall,Cotton cap,,,Accessories,,"Accessories, baby, Mantri Mall",TRUE,Size,008,,,,,,,shopify,2000.0,deny,manual,399.00,,,,,https://image.hm.com/assets/hm/aa/bb/aabb0e824834f5346787f4605f363d809d6a49a9.jpg?imwidth=1536,1,,,,,,,,,,,,,,,,,,,,,,,,active
cotton-cap-mantri-mall,,,,,,,,Size,011,,,,,,,shopify,1000.0,deny,manual,399.00,,,,,https://image.hm.com/assets/hm/f7/94/f79427826074a0c4e536d49d798aeb8ec4bddbee.jpg?imwidth=1536,2,,,,,,,,,,,,,,,,,,,,,,,,
cotton-cap-mantri-mall,,,,,,,,,,,,,,,,,,,,,,,,,https://image.hm.com/assets/hm/29/52/2952d66c691a47250eb90c99fa1e7dd0fbee3192.jpg?imwidth=1536,3,,,,,,,,,,,,,,,,,,,,,,,,
cotton-cap-mantri-mall,,,,,,,,,,,,,,,,,,,,,,,,,https://image.hm.com/assets/hm/8a/94/8a94650d65f62e119cb3b55c8fde12b481f684b6.jpg?imwidth=1536,4,,,,,,,,,,,,,,,,,,,,,,,,
cotton-sun-hat-mantri-mall,Cotton sun hat,,,Accessories,,"Accessories, baby, Mantri Mall",TRUE,Size,005,,,,,,,shopify,1000.0,deny,manual,499.00,,,,,https://image.hm.com/assets/hm/59/df/59dfc5fcc8b3c24b74109aa933461030bc271ab6.jpg?imwidth=1536,1,,,,,,,,,,,,,,,,,,,,,,,,active
cotton-sun-hat-mantri-mall,,,,,,,,,,,,,,,,,,,,,,,,,https://image.hm.com/assets/hm/40/30/403072aeafd1952d56b3d9aab76a768eb5dc31d3.jpg?imwidth=1536,2,,,,,,,,,,,,,,,,,,,,,,,,
skinny-fit-jeans-mantri-mall,Skinny Fit Jeans,,,Clothing,,"Clothing, baby, Mantri Mall",TRUE,Size,004,,,,,,,shopify,1000.0,deny,manual,799.00,,,,,https://image.hm.com/assets/hm/7f/63/7f63bb82b3d64deacac27bea30bb339a1cf3f7b2.jpg?imwidth=1536,1,,,,,,,,,,,,,,,,,,,,,,,,active
skinny-fit-jeans-mantri-mall,,,,,,,,Size,006,,,,,,,shopify,1000.0,deny,manual,799.00,,,,,https://image.hm.com/assets/hm/4e/38/4e386e6239231ddaaa7970816dc919d85aee3a17.jpg?imwidth=1536,2,,,,,,,,,,,,,,,,,,,,,,,,
skinny-fit-jeans-mantri-mall,,,,,,,,,,,,,,,,,,,,,,,,,https://image.hm.com/assets/hm/3b/6a/3b6a89a944d8ad6ab1113c32ba992a9c68394aec.jpg?imwidth=1536,3,,,,,,,,,,,,,,,,,,,,,,,,
long-sleeved-bodysuit-mantri-mall,Long-sleeved bodysuit,,,Clothing,,"Clothing, baby, Mantri Mall",TRUE,Size,006,,,,,,,shopify,2000.0,deny,manual,399.00,,,,,https://image.hm.com/assets/hm/f1/9d/f19d294f4f62870d10610098999d522fcf285a78.jpg?imwidth=1536,1,,,,,,,,,,,,,,,,,,,,,,,,active
long-sleeved-bodysuit-mantri-mall,,,,,,,,,,,,,,,,,,,,,,,,,https://image.hm.com/assets/hm/7e/dd/7edde0e566fe323767668167e4a0d069e45a502f.jpg?imwidth=1536,2,,,,,,,,,,,,,,,,,,,,,,,,
5-pack-anti-slip-terry-socks-mantri-mall,5-pack anti-slip terry socks,,,Clothing,,"Clothing, baby, Mantri Mall",TRUE,Size,004,,,,,,,shopify,1000.0,deny,manual,749.00,,,,,https://image.hm.com/assets/hm/84/a6/84a69a28fc9957ad982fb328d76a102d2d61bc62.jpg?imwidth=1536,1,,,,,,,,,,,,,,,,,,,,,,,,active
5-pack-anti-slip-terry-socks-mantri-mall,,,,,,,,,,,,,,,,,,,,,,,,,https://image.hm.com/assets/hm/93/c6/93c65e6760b659ba6b7b738a34fb3e849f62d107.jpg?imwidth=1536,2,,,,,,,,,,,,,,,,,,,,,,,,
5-pack-anti-slip-terry-socks-mantri-mall,,,,,,,,,,,,,,,,,,,,,,,,,https://image.hm.com/assets/hm/30/69/3069493aac0a16c6f6571576b36ac0661d03a8ab.jpg?imwidth=1536,3,,,,,,,,,,,,,,,,,,,,,,,,
velour-sleepsuit-with-full-feet-mantri-mall,Velour sleepsuit with full feet,,,Clothing,,"Clothing, baby, Mantri Mall",TRUE,Size,019,,,,,,,shopify,1000.0,deny,manual,1499.00,,,,,https://image.hm.com/assets/hm/76/27/7627a4a5f1a8726bf9c80907dd74ac629eb0fa8b.jpg?imwidth=1536,1,,,,,,,,,,,,,,,,,,,,,,,,active
velour-sleepsuit-with-full-feet-mantri-mall,,,,,,,,,,,,,,,,,,,,,,,,,https://image.hm.com/assets/hm/e0/6d/e06dc33426ac97b875295603f2eea161244df33e.jpg?imwidth=1536,2,,,,,,,,,,,,,,,,,,,,,,,,
2-piece-motif-detail-set-mantri-mall,2-piece motif-detail set,,,Clothing,,"Clothing, baby, Mantri Mall",TRUE,Size,008,,,,,,,shopify,2000.0,deny,manual,1279.00,,,,,https://image.hm.com/assets/hm/67/2d/672de3c728b0c8a67790ae0b480754544ceb7d66.jpg?imwidth=1536,1,,,,,,,,,,,,,,,,,,,,,,,,active
2-piece-motif-detail-set-mantri-mall,,,,,,,,,,,,,,,,,,,,,,,,,https://image.hm.com/assets/hm/55/63/55632d10ee1977b28d28b1da2a11234107c8f8b2.jpg?imwidth=1536,2,,,,,,,,,,,,,,,,,,,,,,,,
2-piece-motif-detail-set-prestige-falcon-city,2-piece motif-detail set,,,Clothing,,"Clothing, baby, Prestige Falcon city",TRUE,Size,005,,,,,,,shopify,1000.0,deny,manual,1279.00,,,,,https://image.hm.com/assets/hm/67/2d/672de3c728b0c8a67790ae0b480754544ceb7d66.jpg?imwidth=1536,1,,,,,,,,,,,,,,,,,,,,,,,,active
2-piece-motif-detail-set-prestige-falcon-city,,,,,,,,,,,,,,,,,,,,,,,,,https://image.hm.com/assets/hm/55/63/55632d10ee1977b28d28b1da2a11234107c8f8b2.jpg?imwidth=1536,2,,,,,,,,,,,,,,,,,,,,,,,,
2-pack-tights-mantri-mall,2-pack tights,,,Clothing,,"Clothing, baby, Mantri Mall",TRUE,Size,006,,,,,,,shopify,1000.0,deny,manual,374.50,,,,,https://image.hm.com/assets/hm/16/70/16706f7c372b508d614e35ba05485884e6107937.jpg?imwidth=1536,1,,,,,,,,,,,,,,,,,,,,,,,,active
2-pack-tights-mantri-mall,,,,,,,,,,,,,,,,,,,,,,,,,https://image.hm.com/assets/hm/ef/1c/ef1ca7b1a76f624e2a935aec78d85cf01710e9dc.jpg?imwidth=1536,2,,,,,,,,,,,,,,,,,,,,,,,,
2-pack-cotton-sweatshirts-mantri-mall,2-pack cotton sweatshirts,,,Clothing,,"Clothing, baby, Mantri Mall",TRUE,Size,004,,,,,,,shopify,1000.0,deny,manual,1299.00,,,,,https://image.hm.com/assets/hm/99/dc/99dce0679a6d37f9df026a82e732f05974baa070.jpg?imwidth=1536,1,,,,,,,,,,,,,,,,,,,,,,,,active
2-pack-cotton-sweatshirts-mantri-mall,,,,,,,,Size,005,,,,,,,shopify,1000.0,deny,manual,1299.00,,,,,https://image.hm.com/assets/hm/52/8e/528ee330ebed205c3e3d714f137853c4c8b525f6.jpg?imwidth=1536,2,,,,,,,,,,,,,,,,,,,,,,,,
2-pack-cotton-sweatshirts-mantri-mall,,,,,,,,Size,006,,,,,,,shopify,2000.0,deny,manual,1299.00,,,,,,,,,,,,,,,,,,,,,,,,,,,,,,
2-pack-cotton-sweatshirts-mantri-mall,,,,,,,,Size,007,,,,,,,shopify,2000.0,deny,manual,1299.00,,,,,,,,,,,,,,,,,,,,,,,,,,,,,,
2-pack-cotton-sweatshirts-mantri-mall,,,,,,,,Size,008,,,,,,,shopify,4000.0,deny,manual,1299.00,,,,,,,,,,,,,,,,,,,,,,,,,,,,,,
2-pack-cotton-sweatshirts-mantri-mall,,,,,,,,Size,009,,,,,,,shopify,1000.0,deny,manual,1299.00,,,,,,,,,,,,,,,,,,,,,,,,,,,,,,
2-pack-cotton-sweatshirts-prestige-falcon-city,2-pack cotton sweatshirts,,,Clothing,,"Clothing, baby, Prestige Falcon city",TRUE,Size,005,,,,,,,shopify,1000.0,deny,manual,1299.00,,,,,https://image.hm.com/assets/hm/99/dc/99dce0679a6d37f9df026a82e732f05974baa070.jpg?imwidth=1536,1,,,,,,,,,,,,,,,,,,,,,,,,active
2-pack-cotton-sweatshirts-prestige-falcon-city,,,,,,,,Size,006,,,,,,,shopify,3000.0,deny,manual,1299.00,,,,,https://image.hm.com/assets/hm/52/8e/528ee330ebed205c3e3d714f137853c4c8b525f6.jpg?imwidth=1536,2,,,,,,,,,,,,,,,,,,,,,,,,
2-pack-cotton-sweatshirts-prestige-falcon-city,,,,,,,,Size,007,,,,,,,shopify,3000.0,deny,manual,1299.00,,,,,,,,,,,,,,,,,,,,,,,,,,,,,,
2-pack-cotton-sweatshirts-prestige-falcon-city,,,,,,,,Size,008,,,,,,,shopify,3000.0,deny,manual,1299.00,,,,,,,,,,,,,,,,,,,,,,,,,,,,,,
2-pack-cotton-sweatshirts-prestige-falcon-city,,,,,,,,Size,009,,,,,,,shopify,1000.0,deny,manual,1299.00,,,,,,,,,,,,,,,,,,,,,,,,,,,,,,
2-pack-cotton-sweatshirts-mantri-mall,2-pack cotton sweatshirts,,,Clothing,,"Clothing, baby, Mantri Mall",TRUE,Size,004,,,,,,,shopify,1000.0,deny,manual,1299.00,,,,,https://image.hm.com/assets/hm/e2/a2/e2a2a065d7d4c73a363797c250378a5730d6eeb9.jpg?imwidth=1536,1,,,,,,,,,,,,,,,,,,,,,,,,active
2-pack-cotton-sweatshirts-mantri-mall,,,,,,,,Size,006,,,,,,,shopify,1000.0,deny,manual,1299.00,,,,,https://image.hm.com/assets/hm/a8/a3/a8a300e2f04d5da1e6e4b244c55921279d7797c0.jpg?imwidth=1536,2,,,,,,,,,,,,,,,,,,,,,,,,
2-pack-cotton-sweatshirts-mantri-mall,,,,,,,,Size,009,,,,,,,shopify,1000.0,deny,manual,1299.00,,,,,,,,,,,,,,,,,,,,,,,,,,,,,,
3-pack-ribbed-bodysuits-mantri-mall,3-pack ribbed bodysuits,,,Clothing,,"Clothing, baby, Mantri Mall",TRUE,Size,007,,,,,,,shopify,1000.0,deny,manual,433.00,,,,,https://image.hm.com/assets/hm/c8/12/c812c742d8867ce967abba7d7875e1d2855c544b.jpg?imwidth=1536,1,,,,,,,,,,,,,,,,,,,,,,,,active
3-pack-ribbed-bodysuits-mantri-mall,,,,,,,,,,,,,,,,,,,,,,,,,https://image.hm.com/assets/hm/aa/f8/aaf8c52f8094bac59670c1cabd7d4a31653595fc.jpg?imwidth=1536,2,,,,,,,,,,,,,,,,,,,,,,,,
3-pack-ribbed-bodysuits-mantri-mall,,,,,,,,,,,,,,,,,,,,,,,,,https://image.hm.com/assets/hm/6a/c7/6ac7d9dfb6a3c7777455fbbf1bb50eae8e540448.jpg?imwidth=1536,3,,,,,,,,,,,,,,,,,,,,,,,,
3-pack-ribbed-bodysuits-mantri-mall,,,,,,,,,,,,,,,,,,,,,,,,,https://image.hm.com/assets/hm/8d/f3/8df36d654cc7b492c211677c576af5b64c603024.jpg?imwidth=1536,4,,,,,,,,,,,,,,,,,,,,,,,,
3-pack-ribbed-bodysuits-mantri-mall,,,,,,,,,,,,,,,,,,,,,,,,,https://image.hm.com/assets/hm/cb/40/cb4050da391f8a0a40b67c80e84c94fa50604b7e.jpg?imwidth=1536,5,,,,,,,,,,,,,,,,,,,,,,,,
3-pack-ribbed-bodysuits-prestige-falcon-city,3-pack ribbed bodysuits,,,Clothing,,"Clothing, baby, Prestige Falcon city",TRUE,Size,004,,,,,,,shopify,3000.0,deny,manual,433.00,,,,,https://image.hm.com/assets/hm/c8/12/c812c742d8867ce967abba7d7875e1d2855c544b.jpg?imwidth=1536,1,,,,,,,,,,,,,,,,,,,,,,,,active
3-pack-ribbed-bodysuits-prestige-falcon-city,,,,,,,,Size,005,,,,,,,shopify,2000.0,deny,manual,433.00,,,,,https://image.hm.com/assets/hm/aa/f8/aaf8c52f8094bac59670c1cabd7d4a31653595fc.jpg?imwidth=1536,2,,,,,,,,,,,,,,,,,,,,,,,,
3-pack-ribbed-bodysuits-prestige-falcon-city,,,,,,,,Size,006,,,,,,,shopify,1000.0,deny,manual,433.00,,,,,https://image.hm.com/assets/hm/6a/c7/6ac7d9dfb6a3c7777455fbbf1bb50eae8e540448.jpg?imwidth=1536,3,,,,,,,,,,,,,,,,,,,,,,,,
3-pack-ribbed-bodysuits-prestige-falcon-city,,,,,,,,Size,007,,,,,,,shopify,1000.0,deny,manual,433.00,,,,,https://image.hm.com/assets/hm/8d/f3/8df36d654cc7b492c211677c576af5b64c603024.jpg?imwidth=1536,4,,,,,,,,,,,,,,,,,,,,,,,,
3-pack-ribbed-bodysuits-prestige-falcon-city,,,,,,,,,,,,,,,,,,,,,,,,,https://image.hm.com/assets/hm/cb/40/cb4050da391f8a0a40b67c80e84c94fa50604b7e.jpg?imwidth=1536,5,,,,,,,,,,,,,,,,,,,,,,,,
2-pack-cotton-leggings-mantri-mall,2-pack cotton leggings,,,Clothing,,"Clothing, baby, Mantri Mall",TRUE,Size,004,,,,,,,shopify,1000.0,deny,manual,799.00,,,,,https://image.hm.com/assets/hm/c4/40/c440911d28f2ef6be761639fcd50fb687b008eba.jpg?imwidth=1536,1,,,,,,,,,,,,,,,,,,,,,,,,active
2-pack-cotton-leggings-mantri-mall,,,,,,,,,,,,,,,,,,,,,,,,,https://image.hm.com/assets/hm/84/f1/84f1d1caef54041ca5b293e449685296a2d34893.jpg?imwidth=1536,2,,,,,,,,,,,,,,,,,,,,,,,,
fleece-all-in-one-pyjamas-mantri-mall,Fleece all-in-one pyjamas,,,Clothing,,"Clothing, baby, Mantri Mall",TRUE,Size,018,,,,,,,shopify,1000.0,deny,manual,1299.00,,,,,https://image.hm.com/assets/hm/26/b3/26b39ae36146eb8fcdedbb3539f279b81118ebfb.jpg?imwidth=1536,1,,,,,,,,,,,,,,,,,,,,,,,,active
fleece-all-in-one-pyjamas-mantri-mall,,,,,,,,,,,,,,,,,,,,,,,,,https://image.hm.com/assets/hm/2f/24/2f24f883ca7474daf47ba54bcdc9d2a2d505abb5.jpg?imwidth=1536,2,,,,,,,,,,,,,,,,,,,,,,,,
fleece-all-in-one-pyjamas-mantri-mall,,,,,,,,,,,,,,,,,,,,,,,,,https://image.hm.com/assets/hm/73/49/734995ecd92f7fd098c45ec00b56e76291c1c7f7.jpg?imwidth=1536,3,,,,,,,,,,,,,,,,,,,,,,,,
2-pack-cotton-sweatshirts-mantri-mall,2-pack cotton sweatshirts,,,Clothing,,"Clothing, baby, Mantri Mall",TRUE,Size,004,,,,,,,shopify,1000.0,deny,manual,1299.00,,,,,https://image.hm.com/assets/hm/54/33/543312810820b738bd7f41b63be8879ca253eb7e.jpg?imwidth=1536,1,,,,,,,,,,,,,,,,,,,,,,,,active
2-pack-cotton-sweatshirts-mantri-mall,,,,,,,,Size,005,,,,,,,shopify,2000.0,deny,manual,1299.00,,,,,https://image.hm.com/assets/hm/72/b9/72b9087a3555d95a388d6d85c806f6db86ee77de.jpg?imwidth=1536,2,,,,,,,,,,,,,,,,,,,,,,,,
2-pack-cotton-sweatshirts-prestige-falcon-city,2-pack cotton sweatshirts,,,Clothing,,"Clothing, baby, Prestige Falcon city",TRUE,Size,008,,,,,,,shopify,2000.0,deny,manual,1299.00,,,,,https://image.hm.com/assets/hm/54/33/543312810820b738bd7f41b63be8879ca253eb7e.jpg?imwidth=1536,1,,,,,,,,,,,,,,,,,,,,,,,,active
2-pack-cotton-sweatshirts-prestige-falcon-city,,,,,,,,Size,009,,,,,,,shopify,1000.0,deny,manual,1299.00,,,,,https://image.hm.com/assets/hm/72/b9/72b9087a3555d95a388d6d85c806f6db86ee77de.jpg?imwidth=1536,2,,,,,,,,,,,,,,,,,,,,,,,,
3-pack-sleeveless-bodysuits-prestige-falcon-city,3-pack sleeveless bodysuits,,,Clothing,,"Clothing, baby, Prestige Falcon city",TRUE,Size,005,,,,,,,shopify,1000.0,deny,manual,999.00,,,,,https://image.hm.com/assets/hm/ab/48/ab48149e238632e09d7c13087ef686da0548ab9d.jpg?imwidth=1536,1,,,,,,,,,,,,,,,,,,,,,,,,active
3-pack-sleeveless-bodysuits-prestige-falcon-city,,,,,,,,,,,,,,,,,,,,,,,,,https://image.hm.com/assets/hm/60/d9/60d9b6f3a9bf69d411250a04a46ea2301f95775e.jpg?imwidth=1536,2,,,,,,,,,,,,,,,,,,,,,,,,
3-pack-sleeveless-bodysuits-prestige-falcon-city,,,,,,,,,,,,,,,,,,,,,,,,,https://image.hm.com/assets/hm/c9/96/c99612a39130e17f3fa8d4b472d3c82012966627.jpg?imwidth=1536,3,,,,,,,,,,,,,,,,,,,,,,,,
3-pack-sleeveless-bodysuits-mantri-mall,3-pack sleeveless bodysuits,,,Clothing,,"Clothing, baby, Mantri Mall",TRUE,Size,006,,,,,,,shopify,1000.0,deny,manual,999.00,,,,,https://image.hm.com/assets/hm/94/6a/946adde5ae5ccee7eb6bc6d7d5eda07071c7cd2f.jpg?imwidth=1536,1,,,,,,,,,,,,,,,,,,,,,,,,active
3-pack-sleeveless-bodysuits-mantri-mall,,,,,,,,,,,,,,,,,,,,,,,,,https://image.hm.com/assets/hm/fb/18/fb1816949e7a3feb55190c3eaa213d96e099ed72.jpg?imwidth=1536,2,,,,,,,,,,,,,,,,,,,,,,,,
2-pack-leggings-1mg-mall,2-pack leggings,,,Clothing,,"Clothing, baby, 1MG Mall",TRUE,Size,005,,,,,,,shopify,1000.0,deny,manual,999.00,,,,,https://image.hm.com/assets/hm/bf/e5/bfe54ae72477baa6813ba37c9180c428e34efbe4.jpg?imwidth=1536,1,,,,,,,,,,,,,,,,,,,,,,,,active
2-pack-leggings-1mg-mall,,,,,,,,,,,,,,,,,,,,,,,,,https://image.hm.com/assets/hm/a8/44/a8448870f84d8fa5a63ebbce288435e5f4a01b72.jpg?imwidth=1536,2,,,,,,,,,,,,,,,,,,,,,,,,
2-pack-leggings-1mg-mall,,,,,,,,,,,,,,,,,,,,,,,,,https://image.hm.com/assets/hm/b3/b3/b3b3ecc909c2143e3eecefc0ade5906c03e6f2e2.jpg?imwidth=1536,3,,,,,,,,,,,,,,,,,,,,,,,,
2-pack-leggings-1mg-mall,,,,,,,,,,,,,,,,,,,,,,,,,https://image.hm.com/assets/hm/00/a9/00a9a8d988df7895b8ac71b5fe1f1b026af4e8c9.jpg?imwidth=1536,4,,,,,,,,,,,,,,,,,,,,,,,,
2-pack-leggings-mantri-mall,2-pack leggings,,,Clothing,,"Clothing, baby, Mantri Mall",TRUE,Size,004,,,,,,,shopify,1000.0,deny,manual,999.00,,,,,https://image.hm.com/assets/hm/bf/e5/bfe54ae72477baa6813ba37c9180c428e34efbe4.jpg?imwidth=1536,1,,,,,,,,,,,,,,,,,,,,,,,,active
2-pack-leggings-mantri-mall,,,,,,,,Size,005,,,,,,,shopify,2000.0,deny,manual,999.00,,,,,https://image.hm.com/assets/hm/a8/44/a8448870f84d8fa5a63ebbce288435e5f4a01b72.jpg?imwidth=1536,2,,,,,,,,,,,,,,,,,,,,,,,,
2-pack-leggings-mantri-mall,,,,,,,,,,,,,,,,,,,,,,,,,https://image.hm.com/assets/hm/b3/b3/b3b3ecc909c2143e3eecefc0ade5906c03e6f2e2.jpg?imwidth=1536,3,,,,,,,,,,,,,,,,,,,,,,,,
2-pack-leggings-mantri-mall,,,,,,,,,,,,,,,,,,,,,,,,,https://image.hm.com/assets/hm/00/a9/00a9a8d988df7895b8ac71b5fe1f1b026af4e8c9.jpg?imwidth=1536,4,,,,,,,,,,,,,,,,,,,,,,,,
cotton-leggings-prestige-falcon-city,Cotton leggings,,,Clothing,,"Clothing, baby, Prestige Falcon city",TRUE,Size,006,,,,,,,shopify,1000.0,deny,manual,499.00,,,,,https://image.hm.com/assets/hm/9e/81/9e81fc02a75b6898dc262f051e161925fca02f1e.jpg?imwidth=1536,1,,,,,,,,,,,,,,,,,,,,,,,,active
cotton-leggings-prestige-falcon-city,,,,,,,,,,,,,,,,,,,,,,,,,https://image.hm.com/assets/hm/b7/b7/b7b73691d146b1d3dbc751157fd9531a21c588db.jpg?imwidth=1536,2,,,,,,,,,,,,,,,,,,,,,,,,
2-pack-adjustable-fit-leggings-mantri-mall,2-pack adjustable-fit leggings,,,Clothing,,"Clothing, baby, Mantri Mall",TRUE,Size,005,,,,,,,shopify,1000.0,deny,manual,649.50,,,,,https://image.hm.com/assets/hm/2d/99/2d995bd4b99372e91c25f12885eec29960c402b9.jpg?imwidth=1536,1,,,,,,,,,,,,,,,,,,,,,,,,active
2-pack-adjustable-fit-leggings-mantri-mall,,,,,,,,,,,,,,,,,,,,,,,,,https://image.hm.com/assets/hm/81/6d/816dcb27a972cb9d6a32b36179364e6bcb720851.jpg?imwidth=1536,2,,,,,,,,,,,,,,,,,,,,,,,,
2-pack-adjustable-fit-leggings-prestige-falcon-city,2-pack adjustable-fit leggings,,,Clothing,,"Clothing, baby, Prestige Falcon city",TRUE,Size,005,,,,,,,shopify,1000.0,deny,manual,649.50,,,,,https://image.hm.com/assets/hm/2d/99/2d995bd4b99372e91c25f12885eec29960c402b9.jpg?imwidth=1536,1,,,,,,,,,,,,,,,,,,,,,,,,active
2-pack-adjustable-fit-leggings-prestige-falcon-city,,,,,,,,,,,,,,,,,,,,,,,,,https://image.hm.com/assets/hm/81/6d/816dcb27a972cb9d6a32b36179364e6bcb720851.jpg?imwidth=1536,2,,,,,,,,,,,,,,,,,,,,,,,,
long-sleeved-bodysuit-prestige-falcon-city,Long-sleeved bodysuit,,,Clothing,,"Clothing, baby, Prestige Falcon city",TRUE,Size,005,,,,,,,shopify,1000.0,deny,manual,399.00,,,,,https://image.hm.com/assets/hm/2a/14/2a14234bb0161771ab3946854fe1599a72bd9dae.jpg?imwidth=1536,1,,,,,,,,,,,,,,,,,,,,,,,,active
long-sleeved-bodysuit-prestige-falcon-city,,,,,,,,,,,,,,,,,,,,,,,,,https://image.hm.com/assets/hm/cf/0a/cf0af0f84edf9a0a20a9f9aa576ab26e7d8edbf1.jpg?imwidth=1536,2,,,,,,,,,,,,,,,,,,,,,,,,
3-piece-ribbed-cotton-set-mantri-mall,3-piece ribbed cotton set,,,Clothing,,"Clothing, baby, Mantri Mall",TRUE,Size,005,,,,,,,shopify,1000.0,deny,manual,1299.00,,,,,https://image.hm.com/assets/hm/77/6e/776ef57e78c0595ad0509a455e0851354e43d179.jpg?imwidth=1536,1,,,,,,,,,,,,,,,,,,,,,,,,active
3-piece-ribbed-cotton-set-mantri-mall,,,,,,,,Size,006,,,,,,,shopify,1000.0,deny,manual,1299.00,,,,,https://image.hm.com/assets/hm/04/5c/045ca693a27344f37d5f2c7f30f1f56b33e59500.jpg?imwidth=1536,2,,,,,,,,,,,,,,,,,,,,,,,,
3-piece-ribbed-cotton-set-prestige-falcon-city,3-piece ribbed cotton set,,,Clothing,,"Clothing, baby, Prestige Falcon city",TRUE,Size,006,,,,,,,shopify,1000.0,deny,manual,1299.00,,,,,https://image.hm.com/assets/hm/77/6e/776ef57e78c0595ad0509a455e0851354e43d179.jpg?imwidth=1536,1,,,,,,,,,,,,,,,,,,,,,,,,active
3-piece-ribbed-cotton-set-prestige-falcon-city,,,,,,,,,,,,,,,,,,,,,,,,,https://image.hm.com/assets/hm/04/5c/045ca693a27344f37d5f2c7f30f1f56b33e59500.jpg?imwidth=1536,2,,,,,,,,,,,,,,,,,,,,,,,,
flounce-trimmed-jersey-dress-mantri-mall,Flounce-trimmed jersey dress,,,Clothing,,"Clothing, baby, Mantri Mall",TRUE,Size,008,,,,,,,shopify,2000.0,deny,manual,399.00,,,,,https://image.hm.com/assets/hm/51/a0/51a0095cf5fe7ca131a61fc796f0f7bcd674a63a.jpg?imwidth=1536,1,,,,,,,,,,,,,,,,,,,,,,,,active
flounce-trimmed-jersey-dress-mantri-mall,,,,,,,,Size,009,,,,,,,shopify,1000.0,deny,manual,399.00,,,,,https://image.hm.com/assets/hm/f9/7f/f97fe3e95d68f3e23b6e807adfc9e63ce1af198d.jpg?imwidth=1536,2,,,,,,,,,,,,,,,,,,,,,,,,
printed-jersey-top-prestige-falcon-city,Printed jersey top,,,Clothing,,"Clothing, baby, Prestige Falcon city",TRUE,Size,005,,,,,,,shopify,1000.0,deny,manual,399.00,,,,,https://image.hm.com/assets/hm/ae/00/ae00c97db7fed0cba0f8d0c540f5987e29f1051f.jpg?imwidth=1536,1,,,,,,,,,,,,,,,,,,,,,,,,active
printed-jersey-top-prestige-falcon-city,,,,,,,,,,,,,,,,,,,,,,,,,https://image.hm.com/assets/hm/2a/a4/2aa4228e5cb37f39a28ddebb8831d2604901029e.jpg?imwidth=1536,2,,,,,,,,,,,,,,,,,,,,,,,,
ribbed-jersey-top-mantri-mall,Ribbed jersey top,,,Clothing,,"Clothing, baby, Mantri Mall",TRUE,Size,007,,,,,,,shopify,3000.0,deny,manual,399.00,,,,,https://image.hm.com/assets/hm/b9/0d/b90d80ff3b51a7036cac757cfc2df6bf27925e5c.jpg?imwidth=1536,1,,,,,,,,,,,,,,,,,,,,,,,,active
ribbed-jersey-top-mantri-mall,,,,,,,,Size,009,,,,,,,shopify,1000.0,deny,manual,399.00,,,,,https://image.hm.com/assets/hm/09/ed/09eddd7f9c584473c5ea0e07aa10bd4496d40d39.jpg?imwidth=1536,2,,,,,,,,,,,,,,,,,,,,,,,,
ribbed-jersey-top-prestige-falcon-city,Ribbed jersey top,,,Clothing,,"Clothing, baby, Prestige Falcon city",TRUE,Size,006,,,,,,,shopify,1000.0,deny,manual,399.00,,,,,https://image.hm.com/assets/hm/b9/0d/b90d80ff3b51a7036cac757cfc2df6bf27925e5c.jpg?imwidth=1536,1,,,,,,,,,,,,,,,,,,,,,,,,active
ribbed-jersey-top-prestige-falcon-city,,,,,,,,Size,007,,,,,,,shopify,4000.0,deny,manual,399.00,,,,,https://image.hm.com/assets/hm/09/ed/09eddd7f9c584473c5ea0e07aa10bd4496d40d39.jpg?imwidth=1536,2,,,,,,,,,,,,,,,,,,,,,,,,
ribbed-jersey-top-prestige-falcon-city,,,,,,,,Size,008,,,,,,,shopify,4000.0,deny,manual,399.00,,,,,,,,,,,,,,,,,,,,,,,,,,,,,,
ribbed-jersey-top-prestige-falcon-city,,,,,,,,Size,009,,,,,,,shopify,1000.0,deny,manual,399.00,,,,,,,,,,,,,,,,,,,,,,,,,,,,,,
2-pack-long-sleeved-bodysuits-mantri-mall,2-pack long-sleeved bodysuits,,,Clothing,,"Clothing, baby, Mantri Mall",TRUE,Size,004,,,,,,,shopify,2000.0,deny,manual,399.50,,,,,https://image.hm.com/assets/hm/87/b5/87b52d98ae607ca304a01d6e57d8d5023d6fd6c3.jpg?imwidth=1536,1,,,,,,,,,,,,,,,,,,,,,,,,active
2-pack-long-sleeved-bodysuits-mantri-mall,,,,,,,,Size,006,,,,,,,shopify,1000.0,deny,manual,399.50,,,,,https://image.hm.com/assets/hm/73/a0/73a0d2e9bd669ac39f076fb05241e7ea1af513d4.jpg?imwidth=1536,2,,,,,,,,,,,,,,,,,,,,,,,,
2-pack-long-sleeved-bodysuits-mantri-mall,,,,,,,,Size,007,,,,,,,shopify,1000.0,deny,manual,399.50,,,,,,,,,,,,,,,,,,,,,,,,,,,,,,
2-pack-long-sleeved-bodysuits-mantri-mall,,,,,,,,Size,008,,,,,,,shopify,1000.0,deny,manual,399.50,,,,,,,,,,,,,,,,,,,,,,,,,,,,,,
2-pack-long-sleeved-bodysuits-mantri-mall,,,,,,,,Size,009,,,,,,,shopify,1000.0,deny,manual,399.50,,,,,,,,,,,,,,,,,,,,,,,,,,,,,,
2-pack-long-sleeved-bodysuits-prestige-falcon-city,2-pack long-sleeved bodysuits,,,Clothing,,"Clothing, baby, Prestige Falcon city",TRUE,Size,004,,,,,,,shopify,2000.0,deny,manual,399.50,,,,,https://image.hm.com/assets/hm/87/b5/87b52d98ae607ca304a01d6e57d8d5023d6fd6c3.jpg?imwidth=1536,1,,,,,,,,,,,,,,,,,,,,,,,,active
2-pack-long-sleeved-bodysuits-prestige-falcon-city,,,,,,,,Size,005,,,,,,,shopify,1000.0,deny,manual,399.50,,,,,https://image.hm.com/assets/hm/73/a0/73a0d2e9bd669ac39f076fb05241e7ea1af513d4.jpg?imwidth=1536,2,,,,,,,,,,,,,,,,,,,,,,,,
2-pack-long-sleeved-bodysuits-prestige-falcon-city,,,,,,,,Size,006,,,,,,,shopify,1000.0,deny,manual,399.50,,,,,,,,,,,,,,,,,,,,,,,,,,,,,,
2-pack-long-sleeved-bodysuits-prestige-falcon-city,,,,,,,,Size,007,,,,,,,shopify,1000.0,deny,manual,399.50,,,,,,,,,,,,,,,,,,,,,,,,,,,,,,
2-pack-long-sleeved-bodysuits-prestige-falcon-city,,,,,,,,Size,008,,,,,,,shopify,1000.0,deny,manual,399.50,,,,,,,,,,,,,,,,,,,,,,,,,,,,,,
2-pack-long-sleeved-bodysuits-prestige-falcon-city,,,,,,,,Size,009,,,,,,,shopify,1000.0,deny,manual,399.50,,,,,,,,,,,,,,,,,,,,,,,,,,,,,,
printed-jersey-top-mantri-mall,Printed jersey top,,,Clothing,,"Clothing, baby, Mantri Mall",TRUE,Size,007,,,,,,,shopify,1000.0,deny,manual,399.00,,,,,https://image.hm.com/assets/hm/43/95/4395070bea9c26167d9e624c2c1465ea3559da9f.jpg?imwidth=1536,1,,,,,,,,,,,,,,,,,,,,,,,,active
printed-jersey-top-mantri-mall,,,,,,,,,,,,,,,,,,,,,,,,,https://image.hm.com/assets/hm/39/53/39538e6293c78a2c48bc61019d1b5a2d8c147485.jpg?imwidth=1536,2,,,,,,,,,,,,,,,,,,,,,,,,
printed-jersey-top-prestige-falcon-city,Printed jersey top,,,Clothing,,"Clothing, baby, Prestige Falcon city",TRUE,Size,006,,,,,,,shopify,2000.0,deny,manual,399.00,,,,,https://image.hm.com/assets/hm/43/95/4395070bea9c26167d9e624c2c1465ea3559da9f.jpg?imwidth=1536,1,,,,,,,,,,,,,,,,,,,,,,,,active
printed-jersey-top-prestige-falcon-city,,,,,,,,,,,,,,,,,,,,,,,,,https://image.hm.com/assets/hm/39/53/39538e6293c78a2c48bc61019d1b5a2d8c147485.jpg?imwidth=1536,2,,,,,,,,,,,,,,,,,,,,,,,,
ribbed-jersey-top-mantri-mall,Ribbed jersey top,,,Clothing,,"Clothing, baby, Mantri Mall",TRUE,Size,005,,,,,,,shopify,2000.0,deny,manual,399.00,,,,,https://image.hm.com/assets/hm/70/a6/70a65e0cdde9bb4d9da61c5d324a58447ec0e091.jpg?imwidth=1536,1,,,,,,,,,,,,,,,,,,,,,,,,active
ribbed-jersey-top-mantri-mall,,,,,,,,Size,006,,,,,,,shopify,2000.0,deny,manual,399.00,,,,,https://image.hm.com/assets/hm/a0/b6/a0b612989d3ea89c94f6e26d2df7717bdde56bd7.jpg?imwidth=1536,2,,,,,,,,,,,,,,,,,,,,,,,,
ribbed-jersey-top-mantri-mall,,,,,,,,Size,007,,,,,,,shopify,4000.0,deny,manual,399.00,,,,,,,,,,,,,,,,,,,,,,,,,,,,,,
ribbed-jersey-top-mantri-mall,,,,,,,,Size,008,,,,,,,shopify,2000.0,deny,manual,399.00,,,,,,,,,,,,,,,,,,,,,,,,,,,,,,
ribbed-jersey-top-mantri-mall,,,,,,,,Size,009,,,,,,,shopify,2000.0,deny,manual,399.00,,,,,,,,,,,,,,,,,,,,,,,,,,,,,,
ribbed-jersey-top-prestige-falcon-city,Ribbed jersey top,,,Clothing,,"Clothing, baby, Prestige Falcon city",TRUE,Size,005,,,,,,,shopify,1000.0,deny,manual,399.00,,,,,https://image.hm.com/assets/hm/70/a6/70a65e0cdde9bb4d9da61c5d324a58447ec0e091.jpg?imwidth=1536,1,,,,,,,,,,,,,,,,,,,,,,,,active
ribbed-jersey-top-prestige-falcon-city,,,,,,,,Size,006,,,,,,,shopify,1000.0,deny,manual,399.00,,,,,https://image.hm.com/assets/hm/a0/b6/a0b612989d3ea89c94f6e26d2df7717bdde56bd7.jpg?imwidth=1536,2,,,,,,,,,,,,,,,,,,,,,,,,
ribbed-jersey-top-prestige-falcon-city,,,,,,,,Size,008,,,,,,,shopify,2000.0,deny,manual,399.00,,,,,,,,,,,,,,,,,,,,,,,,,,,,,,
ribbed-jersey-top-prestige-falcon-city,,,,,,,,Size,009,,,,,,,shopify,1000.0,deny,manual,399.00,,,,,,,,,,,,,,,,,,,,,,,,,,,,,,
collared-bodysuit-mantri-mall,Collared bodysuit,,,Clothing,,"Clothing, baby, Mantri Mall",TRUE,Size,005,,,,,,,shopify,1000.0,deny,manual,699.00,,,,,https://image.hm.com/assets/hm/3f/cc/3fcc39d1bf748898fa46efb844119e1bbb265d07.jpg?imwidth=1536,1,,,,,,,,,,,,,,,,,,,,,,,,active
collared-bodysuit-mantri-mall,,,,,,,,,,,,,,,,,,,,,,,,,https://image.hm.com/assets/hm/16/eb/16eb19f598d20021a6956a2d2a76e94a2fba4d8b.jpg?imwidth=1536,2,,,,,,,,,,,,,,,,,,,,,,,,
collared-bodysuit-mantri-mall,,,,,,,,,,,,,,,,,,,,,,,,,https://image.hm.com/assets/hm/48/58/485829d110fa83f864bcef96dfd38589f353479e.jpg?imwidth=1536,3,,,,,,,,,,,,,,,,,,,,,,,,
collared-cotton-top-prestige-falcon-city,Collared cotton top,,,Clothing,,"Clothing, baby, Prestige Falcon city",TRUE,Size,008,,,,,,,shopify,1000.0,deny,manual,499.00,,,,,https://image.hm.com/assets/hm/46/21/4621a0f18c5a8402c2f66c180db4635e25bea13e.jpg?imwidth=1536,1,,,,,,,,,,,,,,,,,,,,,,,,active
collared-cotton-top-prestige-falcon-city,,,,,,,,,,,,,,,,,,,,,,,,,https://image.hm.com/assets/hm/47/87/4787ccd365868b5b256e3597d9912f48674a0af2.jpg?imwidth=1536,2,,,,,,,,,,,,,,,,,,,,,,,,
collared-bodysuit-mantri-mall,Collared bodysuit,,,Clothing,,"Clothing, baby, Mantri Mall",TRUE,Size,004,,,,,,,shopify,3000.0,deny,manual,699.00,,,,,https://image.hm.com/assets/hm/4d/2d/4d2d9d8b1b6ed968f26c36d348fd25f21e26bab6.jpg?imwidth=1536,1,,,,,,,,,,,,,,,,,,,,,,,,active
collared-bodysuit-mantri-mall,,,,,,,,Size,007,,,,,,,shopify,2000.0,deny,manual,699.00,,,,,https://image.hm.com/assets/hm/e0/9f/e09faed70130018f2f5ca49087a841ec7eeef18b.jpg?imwidth=1536,2,,,,,,,,,,,,,,,,,,,,,,,,
collared-bodysuit-mantri-mall,,,,,,,,,,,,,,,,,,,,,,,,,https://image.hm.com/assets/hm/84/f8/84f8ff45464ccf34efc1e8f919dfb1ba6ba83e3a.jpg?imwidth=1536,3,,,,,,,,,,,,,,,,,,,,,,,,
2-pack-long-sleeved-bodysuits-mantri-mall,2-pack long-sleeved bodysuits,,,Clothing,,"Clothing, baby, Mantri Mall",TRUE,Size,004,,,,,,,shopify,1000.0,deny,manual,399.50,,,,,https://image.hm.com/assets/hm/89/98/899800218018efff0e41249afcbab95a89664730.jpg?imwidth=1536,1,,,,,,,,,,,,,,,,,,,,,,,,active
2-pack-long-sleeved-bodysuits-mantri-mall,,,,,,,,Size,005,,,,,,,shopify,1000.0,deny,manual,399.50,,,,,https://image.hm.com/assets/hm/c5/bc/c5bca9dbd7da41eee10e93717a23e2224e46ea4d.jpg?imwidth=1536,2,,,,,,,,,,,,,,,,,,,,,,,,
2-pack-long-sleeved-bodysuits-mantri-mall,,,,,,,,Size,006,,,,,,,shopify,1000.0,deny,manual,399.50,,,,,,,,,,,,,,,,,,,,,,,,,,,,,,
2-pack-long-sleeved-bodysuits-mantri-mall,,,,,,,,Size,007,,,,,,,shopify,1000.0,deny,manual,399.50,,,,,,,,,,,,,,,,,,,,,,,,,,,,,,
2-pack-long-sleeved-bodysuits-mantri-mall,,,,,,,,Size,008,,,,,,,shopify,1000.0,deny,manual,399.50,,,,,,,,,,,,,,,,,,,,,,,,,,,,,,
2-pack-long-sleeved-bodysuits-mantri-mall,,,,,,,,Size,009,,,,,,,shopify,1000.0,deny,manual,399.50,,,,,,,,,,,,,,,,,,,,,,,,,,,,,,
2-pack-long-sleeved-bodysuits-prestige-falcon-city,2-pack long-sleeved bodysuits,,,Clothing,,"Clothing, baby, Prestige Falcon city",TRUE,Size,004,,,,,,,shopify,2000.0,deny,manual,399.50,,,,,https://image.hm.com/assets/hm/89/98/899800218018efff0e41249afcbab95a89664730.jpg?imwidth=1536,1,,,,,,,,,,,,,,,,,,,,,,,,active
2-pack-long-sleeved-bodysuits-prestige-falcon-city,,,,,,,,Size,005,,,,,,,shopify,1000.0,deny,manual,399.50,,,,,https://image.hm.com/assets/hm/c5/bc/c5bca9dbd7da41eee10e93717a23e2224e46ea4d.jpg?imwidth=1536,2,,,,,,,,,,,,,,,,,,,,,,,,
2-pack-long-sleeved-bodysuits-prestige-falcon-city,,,,,,,,Size,006,,,,,,,shopify,1000.0,deny,manual,399.50,,,,,,,,,,,,,,,,,,,,,,,,,,,,,,
2-pack-long-sleeved-bodysuits-prestige-falcon-city,,,,,,,,Size,007,,,,,,,shopify,1000.0,deny,manual,399.50,,,,,,,,,,,,,,,,,,,,,,,,,,,,,,
2-pack-long-sleeved-bodysuits-prestige-falcon-city,,,,,,,,Size,008,,,,,,,shopify,1000.0,deny,manual,399.50,,,,,,,,,,,,,,,,,,,,,,,,,,,,,,
2-pack-long-sleeved-bodysuits-prestige-falcon-city,,,,,,,,Size,009,,,,,,,shopify,1000.0,deny,manual,399.50,,,,,,,,,,,,,,,,,,,,,,,,,,,,,,
2-pack-long-sleeved-bodysuits-mantri-mall,2-pack long-sleeved bodysuits,,,Clothing,,"Clothing, baby, Mantri Mall",TRUE,Size,004,,,,,,,shopify,1000.0,deny,manual,399.50,,,,,https://image.hm.com/assets/hm/89/98/899800218018efff0e41249afcbab95a89664730.jpg?imwidth=1536,1,,,,,,,,,,,,,,,,,,,,,,,,active
2-pack-long-sleeved-bodysuits-mantri-mall,,,,,,,,Size,005,,,,,,,shopify,1000.0,deny,manual,399.50,,,,,https://image.hm.com/assets/hm/c5/bc/c5bca9dbd7da41eee10e93717a23e2224e46ea4d.jpg?imwidth=1536,2,,,,,,,,,,,,,,,,,,,,,,,,
2-pack-long-sleeved-bodysuits-mantri-mall,,,,,,,,Size,006,,,,,,,shopify,1000.0,deny,manual,399.50,,,,,,,,,,,,,,,,,,,,,,,,,,,,,,
2-pack-long-sleeved-bodysuits-mantri-mall,,,,,,,,Size,007,,,,,,,shopify,1000.0,deny,manual,399.50,,,,,,,,,,,,,,,,,,,,,,,,,,,,,,
2-pack-long-sleeved-bodysuits-mantri-mall,,,,,,,,Size,008,,,,,,,shopify,1000.0,deny,manual,399.50,,,,,,,,,,,,,,,,,,,,,,,,,,,,,,
2-pack-long-sleeved-bodysuits-mantri-mall,,,,,,,,Size,009,,,,,,,shopify,1000.0,deny,manual,399.50,,,,,,,,,,,,,,,,,,,,,,,,,,,,,,
2-pack-long-sleeved-bodysuits-prestige-falcon-city,2-pack long-sleeved bodysuits,,,Clothing,,"Clothing, baby, Prestige Falcon city",TRUE,Size,004,,,,,,,shopify,2000.0,deny,manual,399.50,,,,,https://image.hm.com/assets/hm/89/98/899800218018efff0e41249afcbab95a89664730.jpg?imwidth=1536,1,,,,,,,,,,,,,,,,,,,,,,,,active
2-pack-long-sleeved-bodysuits-prestige-falcon-city,,,,,,,,Size,005,,,,,,,shopify,1000.0,deny,manual,399.50,,,,,https://image.hm.com/assets/hm/c5/bc/c5bca9dbd7da41eee10e93717a23e2224e46ea4d.jpg?imwidth=1536,2,,,,,,,,,,,,,,,,,,,,,,,,
2-pack-long-sleeved-bodysuits-prestige-falcon-city,,,,,,,,Size,006,,,,,,,shopify,1000.0,deny,manual,399.50,,,,,,,,,,,,,,,,,,,,,,,,,,,,,,
2-pack-long-sleeved-bodysuits-prestige-falcon-city,,,,,,,,Size,007,,,,,,,shopify,1000.0,deny,manual,399.50,,,,,,,,,,,,,,,,,,,,,,,,,,,,,,
2-pack-long-sleeved-bodysuits-prestige-falcon-city,,,,,,,,Size,008,,,,,,,shopify,1000.0,deny,manual,399.50,,,,,,,,,,,,,,,,,,,,,,,,,,,,,,
2-pack-long-sleeved-bodysuits-prestige-falcon-city,,,,,,,,Size,009,,,,,,,shopify,1000.0,deny,manual,399.50,,,,,,,,,,,,,,,,,,,,,,,,,,,,,,
2-piece-cotton-set-mantri-mall,2-piece cotton set,,,Clothing,,"Clothing, baby, Mantri Mall",TRUE,Size,008,,,,,,,shopify,2000.0,deny,manual,1499.00,,,,,https://image.hm.com/assets/hm/7b/7e/7b7eb70f6ac32bd4e6dc363f74e7074c01a4e56d.jpg?imwidth=1536,1,,,,,,,,,,,,,,,,,,,,,,,,active
2-piece-cotton-set-mantri-mall,,,,,,,,,,,,,,,,,,,,,,,,,https://image.hm.com/assets/hm/18/01/1801171164de1ee126fc17fe153a988e5d8e3ed9.jpg?imwidth=1536,2,,,,,,,,,,,,,,,,,,,,,,,,
2-pack-long-sleeved-bodysuits-mantri-mall,2-pack long-sleeved bodysuits,,,Clothing,,"Clothing, baby, Mantri Mall",TRUE,Size,005,,,,,,,shopify,4000.0,deny,manual,649.50,,,,,https://image.hm.com/assets/hm/4a/81/4a816b0dd11ae94d840829b83f90130b2122a0ca.jpg?imwidth=1536,1,,,,,,,,,,,,,,,,,,,,,,,,active
2-pack-long-sleeved-bodysuits-mantri-mall,,,,,,,,Size,008,,,,,,,shopify,1000.0,deny,manual,649.50,,,,,https://image.hm.com/assets/hm/c4/b0/c4b0df04adf07f8ea780335b7c5c118cf866c9db_xxl-1.jpg?imwidth=1536,2,,,,,,,,,,,,,,,,,,,,,,,,
2-pack-long-sleeved-bodysuits-mantri-mall,,,,,,,,,,,,,,,,,,,,,,,,,https://image.hm.com/assets/hm/7f/bc/7fbc7c2f469b6f614346de75590bc2f1ce99d1d6.jpg?imwidth=1536,3,,,,,,,,,,,,,,,,,,,,,,,,
2-pack-long-sleeved-bodysuits-mantri-mall,,,,,,,,,,,,,,,,,,,,,,,,,https://image.hm.com/assets/hm/e2/f8/e2f806de92deb2122c43dbfcd0bba8d03f20e676.jpg?imwidth=1536,4,,,,,,,,,,,,,,,,,,,,,,,,
denim-jeggings-mantri-mall,Denim jeggings,,,Clothing,,"Clothing, baby, Mantri Mall",TRUE,Size,004,,,,,,,shopify,1000.0,deny,manual,799.00,,,,,https://image.hm.com/assets/hm/09/8f/098f93b70cda87a45adc60fbd1a51b476f45b819.jpg?imwidth=1536,1,,,,,,,,,,,,,,,,,,,,,,,,active
denim-jeggings-mantri-mall,,,,,,,,Size,005,,,,,,,shopify,2000.0,deny,manual,799.00,,,,,https://image.hm.com/assets/hm/dc/e7/dce76ae3e6e75b13aed55daa6a76c27e9f64d3e6.jpg?imwidth=1536,2,,,,,,,,,,,,,,,,,,,,,,,,
denim-jeggings-mantri-mall,,,,,,,,Size,006,,,,,,,shopify,2000.0,deny,manual,799.00,,,,,,,,,,,,,,,,,,,,,,,,,,,,,,
denim-jeggings-mantri-mall,,,,,,,,Size,007,,,,,,,shopify,3000.0,deny,manual,799.00,,,,,,,,,,,,,,,,,,,,,,,,,,,,,,
denim-jeggings-mantri-mall,,,,,,,,Size,008,,,,,,,shopify,2000.0,deny,manual,799.00,,,,,,,,,,,,,,,,,,,,,,,,,,,,,,
denim-jeggings-prestige-falcon-city,Denim jeggings,,,Clothing,,"Clothing, baby, Prestige Falcon city",TRUE,Size,005,,,,,,,shopify,1000.0,deny,manual,799.00,,,,,https://image.hm.com/assets/hm/09/8f/098f93b70cda87a45adc60fbd1a51b476f45b819.jpg?imwidth=1536,1,,,,,,,,,,,,,,,,,,,,,,,,active
denim-jeggings-prestige-falcon-city,,,,,,,,Size,006,,,,,,,shopify,3000.0,deny,manual,799.00,,,,,https://image.hm.com/assets/hm/dc/e7/dce76ae3e6e75b13aed55daa6a76c27e9f64d3e6.jpg?imwidth=1536,2,,,,,,,,,,,,,,,,,,,,,,,,
denim-jeggings-prestige-falcon-city,,,,,,,,Size,007,,,,,,,shopify,3000.0,deny,manual,799.00,,,,,,,,,,,,,,,,,,,,,,,,,,,,,,
denim-jeggings-prestige-falcon-city,,,,,,,,Size,008,,,,,,,shopify,2000.0,deny,manual,799.00,,,,,,,,,,,,,,,,,,,,,,,,,,,,,,
patterned-dress-mantri-mall,Patterned dress,,,Clothing,,"Clothing, baby, Mantri Mall",TRUE,Size,005,,,,,,,shopify,1000.0,deny,manual,1499.00,,,,,https://image.hm.com/assets/hm/26/9e/269e027d47c3eebb13b8889b7b176920aa6b10cb.jpg?imwidth=1536,1,,,,,,,,,,,,,,,,,,,,,,,,active
patterned-dress-mantri-mall,,,,,,,,Size,008,,,,,,,shopify,3000.0,deny,manual,1499.00,,,,,https://image.hm.com/assets/hm/4c/5f/4c5fcb12a06a751e7698b5b0a48de5523ea26380.jpg?imwidth=1536,2,,,,,,,,,,,,,,,,,,,,,,,,
frill-trimmed-cotton-top-mantri-mall,Frill-trimmed cotton top,,,Clothing,,"Clothing, baby, Mantri Mall",TRUE,Size,007,,,,,,,shopify,1000.0,deny,manual,499.00,,,,,https://image.hm.com/assets/hm/4e/ea/4eea627ad4b390bbd5c9a8e48a833d1beeebe412.jpg?imwidth=1536,1,,,,,,,,,,,,,,,,,,,,,,,,active
frill-trimmed-cotton-top-mantri-mall,,,,,,,,,,,,,,,,,,,,,,,,,https://image.hm.com/assets/hm/9c/5c/9c5c92c1c494380a2034ba95a53b95876416717c.jpg?imwidth=1536,2,,,,,,,,,,,,,,,,,,,,,,,,
2-pack-short-sleeved-bodysuits-mantri-mall,2-pack short-sleeved bodysuits,,,Clothing,,"Clothing, baby, Mantri Mall",TRUE,Size,006,,,,,,,shopify,1000.0,deny,manual,799.00,,,,,https://image.hm.com/assets/hm/57/57/5757f31cff32b8cfcce50c577365a9ad2da2004a.jpg?imwidth=1536,1,,,,,,,,,,,,,,,,,,,,,,,,active
2-pack-short-sleeved-bodysuits-mantri-mall,,,,,,,,,,,,,,,,,,,,,,,,,https://image.hm.com/assets/hm/d1/5c/d15cb7808c640773e427abcf6122303bd0a54c54.jpg?imwidth=1536,2,,,,,,,,,,,,,,,,,,,,,,,,
2-pack-short-sleeved-bodysuits-mantri-mall,,,,,,,,,,,,,,,,,,,,,,,,,https://image.hm.com/assets/hm/48/b6/48b6e14bfd2573d30361b3527ac44cb8eeeae036.jpg?imwidth=1536,3,,,,,,,,,,,,,,,,,,,,,,,,
2-pack-short-sleeved-bodysuits-prestige-falcon-city,2-pack short-sleeved bodysuits,,,Clothing,,"Clothing, baby, Prestige Falcon city",TRUE,Size,004,,,,,,,shopify,1000.0,deny,manual,799.00,,,,,https://image.hm.com/assets/hm/57/57/5757f31cff32b8cfcce50c577365a9ad2da2004a.jpg?imwidth=1536,1,,,,,,,,,,,,,,,,,,,,,,,,active
2-pack-short-sleeved-bodysuits-prestige-falcon-city,,,,,,,,,,,,,,,,,,,,,,,,,https://image.hm.com/assets/hm/d1/5c/d15cb7808c640773e427abcf6122303bd0a54c54.jpg?imwidth=1536,2,,,,,,,,,,,,,,,,,,,,,,,,
2-pack-short-sleeved-bodysuits-prestige-falcon-city,,,,,,,,,,,,,,,,,,,,,,,,,https://image.hm.com/assets/hm/48/b6/48b6e14bfd2573d30361b3527ac44cb8eeeae036.jpg?imwidth=1536,3,,,,,,,,,,,,,,,,,,,,,,,,
fleece-all-in-one-pyjamas-mantri-mall,Fleece all-in-one pyjamas,,,Clothing,,"Clothing, baby, Mantri Mall",TRUE,Size,002,,,,,,,shopify,1000.0,deny,manual,1299.00,,,,,https://image.hm.com/assets/hm/2d/b8/2db813b75487acff3065ac2e176e8f506b0b8367.jpg?imwidth=1536,1,,,,,,,,,,,,,,,,,,,,,,,,active
fleece-all-in-one-pyjamas-mantri-mall,,,,,,,,,,,,,,,,,,,,,,,,,https://image.hm.com/assets/hm/63/93/639353013962cd744aba3509a58b185536e7ed30.jpg?imwidth=1536,2,,,,,,,,,,,,,,,,,,,,,,,,
patterned-sleepsuit-prestige-falcon-city,Patterned sleepsuit,,,Clothing,,"Clothing, baby, Prestige Falcon city",TRUE,Size,021,,,,,,,shopify,1000.0,deny,manual,699.00,,,,,https://image.hm.com/assets/hm/9b/ab/9bab2d36f7e6b9a38aafcb170a523c0fe2d6c39e.jpg?imwidth=1536,1,,,,,,,,,,,,,,,,,,,,,,,,active
patterned-sleepsuit-prestige-falcon-city,,,,,,,,,,,,,,,,,,,,,,,,,https://image.hm.com/assets/hm/e0/2c/e02ce5d272115552af0f5714d717bcce34a9655a.jpg?imwidth=1536,2,,,,,,,,,,,,,,,,,,,,,,,,
2-pack-leggings-prestige-falcon-city,2-pack leggings,,,Clothing,,"Clothing, baby, Prestige Falcon city",TRUE,Size,007,,,,,,,shopify,2000.0,deny,manual,999.00,,,,,https://image.hm.com/assets/hm/a7/cf/a7cf33abe0450d716d3bc725bf2c05a25e2dd49e.jpg?imwidth=1536,1,,,,,,,,,,,,,,,,,,,,,,,,active
2-pack-leggings-prestige-falcon-city,,,,,,,,,,,,,,,,,,,,,,,,,https://image.hm.com/assets/hm/45/af/45af6e42657f59012fa7b5020d2f0c7e8374b477.jpg?imwidth=1536,2,,,,,,,,,,,,,,,,,,,,,,,,
printed-cotton-jersey-top-mantri-mall,Printed cotton jersey top,,,Clothing,,"Clothing, baby, Mantri Mall",TRUE,Size,007,,,,,,,shopify,3000.0,deny,manual,499.00,,,,,https://image.hm.com/assets/hm/36/d6/36d6a13550cbd1db48e8d464dedbfbaaf5499625.jpg?imwidth=1536,1,,,,,,,,,,,,,,,,,,,,,,,,active
printed-cotton-jersey-top-mantri-mall,,,,,,,,,,,,,,,,,,,,,,,,,https://image.hm.com/assets/hm/a9/48/a94851a2b0b2f0de5f83e45fb0654b2376170e2c.jpg?imwidth=1536,2,,,,,,,,,,,,,,,,,,,,,,,,
cotton-leggings-mantri-mall,Cotton leggings,,,Clothing,,"Clothing, baby, Mantri Mall",TRUE,Size,004,,,,,,,shopify,1000.0,deny,manual,499.00,,,,,https://image.hm.com/assets/hm/0c/36/0c366d1425995d570b385aba811b09bf10b57780.jpg?imwidth=1536,1,,,,,,,,,,,,,,,,,,,,,,,,active
cotton-leggings-mantri-mall,,,,,,,,,,,,,,,,,,,,,,,,,https://image.hm.com/assets/hm/0f/8d/0f8d84645f96428a1fbd1936585b4b0a3bfee0e0.jpg?imwidth=1536,2,,,,,,,,,,,,,,,,,,,,,,,,
printed-cotton-jersey-top-mantri-mall,Printed cotton jersey top,,,Clothing,,"Clothing, baby, Mantri Mall",TRUE,Size,005,,,,,,,shopify,1000.0,deny,manual,499.00,,,,,https://image.hm.com/assets/hm/8f/ab/8fab0dd28395f8e1ec66681188da62b99335e598.jpg?imwidth=1536,1,,,,,,,,,,,,,,,,,,,,,,,,active
printed-cotton-jersey-top-mantri-mall,,,,,,,,Size,006,,,,,,,shopify,1000.0,deny,manual,499.00,,,,,https://image.hm.com/assets/hm/d8/33/d8333d1a2e7e0fd93446b2bb2392452d9f3b856e.jpg?imwidth=1536,2,,,,,,,,,,,,,,,,,,,,,,,,
printed-cotton-jersey-top-mantri-mall,,,,,,,,Size,007,,,,,,,shopify,2000.0,deny,manual,499.00,,,,,https://image.hm.com/assets/hm/40/2c/402c25b0e4bf46f524ff78fb03b345ef9e7b30d6.jpg?imwidth=1536,3,,,,,,,,,,,,,,,,,,,,,,,,
printed-cotton-jersey-top-mantri-mall,,,,,,,,Size,008,,,,,,,shopify,2000.0,deny,manual,499.00,,,,,,,,,,,,,,,,,,,,,,,,,,,,,,
printed-cotton-jersey-top-mantri-mall,,,,,,,,Size,009,,,,,,,shopify,1000.0,deny,manual,499.00,,,,,,,,,,,,,,,,,,,,,,,,,,,,,,
printed-cotton-jersey-top-prestige-falcon-city,Printed cotton jersey top,,,Clothing,,"Clothing, baby, Prestige Falcon city",TRUE,Size,005,,,,,,,shopify,1000.0,deny,manual,499.00,,,,,https://image.hm.com/assets/hm/8f/ab/8fab0dd28395f8e1ec66681188da62b99335e598.jpg?imwidth=1536,1,,,,,,,,,,,,,,,,,,,,,,,,active
printed-cotton-jersey-top-prestige-falcon-city,,,,,,,,Size,006,,,,,,,shopify,1000.0,deny,manual,499.00,,,,,https://image.hm.com/assets/hm/d8/33/d8333d1a2e7e0fd93446b2bb2392452d9f3b856e.jpg?imwidth=1536,2,,,,,,,,,,,,,,,,,,,,,,,,
printed-cotton-jersey-top-prestige-falcon-city,,,,,,,,Size,007,,,,,,,shopify,2000.0,deny,manual,499.00,,,,,https://image.hm.com/assets/hm/40/2c/402c25b0e4bf46f524ff78fb03b345ef9e7b30d6.jpg?imwidth=1536,3,,,,,,,,,,,,,,,,,,,,,,,,
printed-cotton-jersey-top-prestige-falcon-city,,,,,,,,Size,008,,,,,,,shopify,2000.0,deny,manual,499.00,,,,,,,,,,,,,,,,,,,,,,,,,,,,,,
printed-cotton-jersey-top-prestige-falcon-city,,,,,,,,Size,009,,,,,,,shopify,1000.0,deny,manual,499.00,,,,,,,,,,,,,,,,,,,,,,,,,,,,,,
heart-pocket-jeans-mantri-mall,Heart-pocket jeans,,,Clothing,,"Clothing, baby, Mantri Mall",TRUE,Size,006,,,,,,,shopify,2000.0,deny,manual,1299.00,,,,,https://image.hm.com/assets/hm/7b/c2/7bc28785730c165ee329aaa31fd602108a4ab722.jpg?imwidth=1536,1,,,,,,,,,,,,,,,,,,,,,,,,active
heart-pocket-jeans-mantri-mall,,,,,,,,,,,,,,,,,,,,,,,,,https://image.hm.com/assets/hm/f9/e9/f9e90cb1a3f75d19b7a0ae2d224b5e3a558a46df.jpg?imwidth=1536,2,,,,,,,,,,,,,,,,,,,,,,,,
heart-pocket-jeans-mantri-mall,,,,,,,,,,,,,,,,,,,,,,,,,https://image.hm.com/assets/hm/76/e2/76e2bb8b4eb966962ed188693d26f7cfc2a43a31.jpg?imwidth=1536,3,,,,,,,,,,,,,,,,,,,,,,,,
heart-pocket-jeans-mantri-mall,,,,,,,,,,,,,,,,,,,,,,,,,https://image.hm.com/assets/hm/a4/80/a480a75b7a9977f668a4034a8d6e9aac59c4367c.jpg?imwidth=1536,4,,,,,,,,,,,,,,,,,,,,,,,,
heart-pocket-jeans-mantri-mall,,,,,,,,,,,,,,,,,,,,,,,,,https://image.hm.com/assets/hm/de/be/debe8071d5c5040a83981b6ee74fc73325a62bd1.jpg?imwidth=1536,5,,,,,,,,,,,,,,,,,,,,,,,,
heart-pocket-jeans-mantri-mall,,,,,,,,,,,,,,,,,,,,,,,,,https://image.hm.com/assets/hm/7b/8e/7b8e8ecc409067cf2e79ffa043376bfe62f2a602.jpg?imwidth=1536,6,,,,,,,,,,,,,,,,,,,,,,,,
heart-pocket-jeans-prestige-falcon-city,Heart-pocket jeans,,,Clothing,,"Clothing, baby, Prestige Falcon city",TRUE,Size,006,,,,,,,shopify,2000.0,deny,manual,1299.00,,,,,https://image.hm.com/assets/hm/7b/c2/7bc28785730c165ee329aaa31fd602108a4ab722.jpg?imwidth=1536,1,,,,,,,,,,,,,,,,,,,,,,,,active
heart-pocket-jeans-prestige-falcon-city,,,,,,,,,,,,,,,,,,,,,,,,,https://image.hm.com/assets/hm/f9/e9/f9e90cb1a3f75d19b7a0ae2d224b5e3a558a46df.jpg?imwidth=1536,2,,,,,,,,,,,,,,,,,,,,,,,,
heart-pocket-jeans-prestige-falcon-city,,,,,,,,,,,,,,,,,,,,,,,,,https://image.hm.com/assets/hm/76/e2/76e2bb8b4eb966962ed188693d26f7cfc2a43a31.jpg?imwidth=1536,3,,,,,,,,,,,,,,,,,,,,,,,,
heart-pocket-jeans-prestige-falcon-city,,,,,,,,,,,,,,,,,,,,,,,,,https://image.hm.com/assets/hm/a4/80/a480a75b7a9977f668a4034a8d6e9aac59c4367c.jpg?imwidth=1536,4,,,,,,,,,,,,,,,,,,,,,,,,
heart-pocket-jeans-prestige-falcon-city,,,,,,,,,,,,,,,,,,,,,,,,,https://image.hm.com/assets/hm/de/be/debe8071d5c5040a83981b6ee74fc73325a62bd1.jpg?imwidth=1536,5,,,,,,,,,,,,,,,,,,,,,,,,
heart-pocket-jeans-prestige-falcon-city,,,,,,,,,,,,,,,,,,,,,,,,,https://image.hm.com/assets/hm/7b/8e/7b8e8ecc409067cf2e79ffa043376bfe62f2a602.jpg?imwidth=1536,6,,,,,,,,,,,,,,,,,,,,,,,,
printed-jersey-top-mantri-mall,Printed jersey top,,,Clothing,,"Clothing, baby, Mantri Mall",TRUE,Size,005,,,,,,,shopify,2000.0,deny,manual,399.00,,,,,https://image.hm.com/assets/hm/9d/84/9d84d36afe3d3310d5ae8ffb5fc6d2bd179f4e78.jpg?imwidth=1536,1,,,,,,,,,,,,,,,,,,,,,,,,active
printed-jersey-top-mantri-mall,,,,,,,,,,,,,,,,,,,,,,,,,https://image.hm.com/assets/hm/cf/f3/cff3929eb1f75e1599e301d09566f4a846e9a196.jpg?imwidth=1536,2,,,,,,,,,,,,,,,,,,,,,,,,
printed-jersey-top-prestige-falcon-city,Printed jersey top,,,Clothing,,"Clothing, baby, Prestige Falcon city",TRUE,Size,005,,,,,,,shopify,2000.0,deny,manual,399.00,,,,,https://image.hm.com/assets/hm/9d/84/9d84d36afe3d3310d5ae8ffb5fc6d2bd179f4e78.jpg?imwidth=1536,1,,,,,,,,,,,,,,,,,,,,,,,,active
printed-jersey-top-prestige-falcon-city,,,,,,,,Size,007,,,,,,,shopify,3000.0,deny,manual,399.00,,,,,https://image.hm.com/assets/hm/cf/f3/cff3929eb1f75e1599e301d09566f4a846e9a196.jpg?imwidth=1536,2,,,,,,,,,,,,,,,,,,,,,,,,
5-pack-knitted-socks-mantri-mall,5-pack knitted socks,,,Clothing,,"Clothing, baby, Mantri Mall",TRUE,Size,003,,,,,,,shopify,2000.0,deny,manual,99.80,,,,,https://image.hm.com/assets/hm/2a/22/2a223eda29a1cef75e20e66654b0715817e39c6e.jpg?imwidth=1536,1,,,,,,,,,,,,,,,,,,,,,,,,active
5-pack-knitted-socks-mantri-mall,,,,,,,,,,,,,,,,,,,,,,,,,https://image.hm.com/assets/hm/1e/8e/1e8ee6bca6c33cf3c07e48e6fefee3c23df7f783.jpg?imwidth=1536,2,,,,,,,,,,,,,,,,,,,,,,,,
2-piece-blouse-and-leggings-set-mantri-mall,2-piece blouse and leggings set,,,Clothing,,"Clothing, baby, Mantri Mall",TRUE,Size,005,,,,,,,shopify,2000.0,deny,manual,1499.00,,,,,https://image.hm.com/assets/hm/0a/0e/0a0e8b535981758224369a3627b970af6195a1d7.jpg?imwidth=1536,1,,,,,,,,,,,,,,,,,,,,,,,,active
2-piece-blouse-and-leggings-set-mantri-mall,,,,,,,,Size,006,,,,,,,shopify,2000.0,deny,manual,1499.00,,,,,https://image.hm.com/assets/hm/56/27/5627fac1f874d30d2162e735168d3768201dd4c4.jpg?imwidth=1536,2,,,,,,,,,,,,,,,,,,,,,,,,
2-piece-blouse-and-leggings-set-mantri-mall,,,,,,,,Size,007,,,,,,,shopify,3000.0,deny,manual,1499.00,,,,,https://image.hm.com/assets/hm/0e/a9/0ea92be9de2a9bd90140c7ae84cd59e202b32af0.jpg?imwidth=1536,3,,,,,,,,,,,,,,,,,,,,,,,,
2-piece-blouse-and-leggings-set-mantri-mall,,,,,,,,Size,008,,,,,,,shopify,2000.0,deny,manual,1499.00,,,,,,,,,,,,,,,,,,,,,,,,,,,,,,
2-piece-blouse-and-leggings-set-mantri-mall,,,,,,,,Size,009,,,,,,,shopify,3000.0,deny,manual,1499.00,,,,,,,,,,,,,,,,,,,,,,,,,,,,,,
2-piece-blouse-and-leggings-set-prestige-falcon-city,2-piece blouse and leggings set,,,Clothing,,"Clothing, baby, Prestige Falcon city",TRUE,Size,005,,,,,,,shopify,3000.0,deny,manual,1499.00,,,,,https://image.hm.com/assets/hm/0a/0e/0a0e8b535981758224369a3627b970af6195a1d7.jpg?imwidth=1536,1,,,,,,,,,,,,,,,,,,,,,,,,active
2-piece-blouse-and-leggings-set-prestige-falcon-city,,,,,,,,Size,006,,,,,,,shopify,2000.0,deny,manual,1499.00,,,,,https://image.hm.com/assets/hm/56/27/5627fac1f874d30d2162e735168d3768201dd4c4.jpg?imwidth=1536,2,,,,,,,,,,,,,,,,,,,,,,,,
2-piece-blouse-and-leggings-set-prestige-falcon-city,,,,,,,,Size,007,,,,,,,shopify,2000.0,deny,manual,1499.00,,,,,https://image.hm.com/assets/hm/0e/a9/0ea92be9de2a9bd90140c7ae84cd59e202b32af0.jpg?imwidth=1536,3,,,,,,,,,,,,,,,,,,,,,,,,
2-piece-blouse-and-leggings-set-prestige-falcon-city,,,,,,,,Size,008,,,,,,,shopify,4000.0,deny,manual,1499.00,,,,,,,,,,,,,,,,,,,,,,,,,,,,,,
2-piece-blouse-and-leggings-set-prestige-falcon-city,,,,,,,,Size,009,,,,,,,shopify,3000.0,deny,manual,1499.00,,,,,,,,,,,,,,,,,,,,,,,,,,,,,,
2-piece-jersey-top-and-leggings-set-mantri-mall,2-piece jersey top and leggings set,,,Clothing,,"Clothing, baby, Mantri Mall",TRUE,Size,006,,,,,,,shopify,1000.0,deny,manual,1299.00,,,,,https://image.hm.com/assets/hm/02/68/0268c236d85c738abbdfa0b55d0baf6eb0a1e1f4.jpg?imwidth=1536,1,,,,,,,,,,,,,,,,,,,,,,,,active
2-piece-jersey-top-and-leggings-set-mantri-mall,,,,,,,,,,,,,,,,,,,,,,,,,https://image.hm.com/assets/hm/eb/c5/ebc547348312919e017ac3b15c165115cca8a02b.jpg?imwidth=1536,2,,,,,,,,,,,,,,,,,,,,,,,,
2-pack-long-sleeved-bodysuits-mantri-mall,2-pack long-sleeved bodysuits,,,Clothing,,"Clothing, baby, Mantri Mall",TRUE,Size,005,,,,,,,shopify,1000.0,deny,manual,399.50,,,,,https://image.hm.com/assets/hm/6f/f4/6ff44620fdf4e435620640fbc6d138ded9829794.jpg?imwidth=1536,1,,,,,,,,,,,,,,,,,,,,,,,,active
2-pack-long-sleeved-bodysuits-mantri-mall,,,,,,,,,,,,,,,,,,,,,,,,,https://image.hm.com/assets/hm/9a/c6/9ac6635ae3cdb2028c59003c813fce3cd641e166.jpg?imwidth=1536,2,,,,,,,,,,,,,,,,,,,,,,,,
2-pack-long-sleeved-bodysuits-mantri-mall,,,,,,,,,,,,,,,,,,,,,,,,,https://image.hm.com/assets/hm/ae/7f/ae7f8d5bc80eb499c21b38f6398c8ef95dd74e0e.jpg?imwidth=1536,3,,,,,,,,,,,,,,,,,,,,,,,,
crew-neck-sweatshirt-mantri-mall,Crew-neck sweatshirt,,,Clothing,,"Clothing, baby, Mantri Mall",TRUE,Size,005,,,,,,,shopify,1000.0,deny,manual,999.00,,,,,https://image.hm.com/assets/hm/70/1d/701dd4a07c7dad878e75d84bc600e4d27879a763.jpg?imwidth=1536,1,,,,,,,,,,,,,,,,,,,,,,,,active
crew-neck-sweatshirt-mantri-mall,,,,,,,,Size,006,,,,,,,shopify,1000.0,deny,manual,999.00,,,,,https://image.hm.com/assets/hm/4d/49/4d49f3e3da08cdec75fb5f077df6cb54b97b1aa3.jpg?imwidth=1536,2,,,,,,,,,,,,,,,,,,,,,,,,
crew-neck-sweatshirt-mantri-mall,,,,,,,,Size,008,,,,,,,shopify,2000.0,deny,manual,999.00,,,,,,,,,,,,,,,,,,,,,,,,,,,,,,
crew-neck-sweatshirt-mantri-mall,,,,,,,,Size,009,,,,,,,shopify,1000.0,deny,manual,999.00,,,,,,,,,,,,,,,,,,,,,,,,,,,,,,
crew-neck-sweatshirt-prestige-falcon-city,Crew-neck sweatshirt,,,Clothing,,"Clothing, baby, Prestige Falcon city",TRUE,Size,006,,,,,,,shopify,1000.0,deny,manual,999.00,,,,,https://image.hm.com/assets/hm/70/1d/701dd4a07c7dad878e75d84bc600e4d27879a763.jpg?imwidth=1536,1,,,,,,,,,,,,,,,,,,,,,,,,active
crew-neck-sweatshirt-prestige-falcon-city,,,,,,,,Size,007,,,,,,,shopify,1000.0,deny,manual,999.00,,,,,https://image.hm.com/assets/hm/4d/49/4d49f3e3da08cdec75fb5f077df6cb54b97b1aa3.jpg?imwidth=1536,2,,,,,,,,,,,,,,,,,,,,,,,,
2-pack-cotton-t-shirts-mantri-mall,2-pack cotton T-shirts,,,Clothing,,"Clothing, baby, Mantri Mall",TRUE,Size,006,,,,,,,shopify,1000.0,deny,manual,799.00,,,,,https://image.hm.com/assets/hm/da/30/da307d786cc36755a1ba6fc48d54ef5250428661.jpg?imwidth=1536,1,,,,,,,,,,,,,,,,,,,,,,,,active
2-pack-cotton-t-shirts-mantri-mall,,,,,,,,,,,,,,,,,,,,,,,,,https://image.hm.com/assets/hm/d9/c0/d9c0ad8c0f64960f6150fa2a4fe127d466d05203.jpg?imwidth=1536,2,,,,,,,,,,,,,,,,,,,,,,,,
print-motif-t-shirt-mantri-mall,Print-motif T-shirt,,,Clothing,,"Clothing, baby, Mantri Mall",TRUE,Size,007,,,,,,,shopify,3000.0,deny,manual,499.00,,,,,https://image.hm.com/assets/hm/51/19/51199d5c976bd3b45bc7ac037cb204b5167f68ca.jpg?imwidth=1536,1,,,,,,,,,,,,,,,,,,,,,,,,active
print-motif-t-shirt-mantri-mall,,,,,,,,,,,,,,,,,,,,,,,,,https://image.hm.com/assets/hm/96/a0/96a06665ff3cf02aa055689c5e889188f83b1145.jpg?imwidth=1536,2,,,,,,,,,,,,,,,,,,,,,,,,
print-motif-t-shirt-prestige-falcon-city,Print-motif T-shirt,,,Clothing,,"Clothing, baby, Prestige Falcon city",TRUE,Size,006,,,,,,,shopify,2000.0,deny,manual,499.00,,,,,https://image.hm.com/assets/hm/51/19/51199d5c976bd3b45bc7ac037cb204b5167f68ca.jpg?imwidth=1536,1,,,,,,,,,,,,,,,,,,,,,,,,active
print-motif-t-shirt-prestige-falcon-city,,,,,,,,,,,,,,,,,,,,,,,,,https://image.hm.com/assets/hm/96/a0/96a06665ff3cf02aa055689c5e889188f83b1145.jpg?imwidth=1536,2,,,,,,,,,,,,,,,,,,,,,,,,
cotton-bodysuit-mantri-mall,Cotton bodysuit,,,Clothing,,"Clothing, baby, Mantri Mall",TRUE,Size,005,,,,,,,shopify,2000.0,deny,manual,299.00,,,,,https://image.hm.com/assets/hm/14/27/142754d5db0fca00ecc07c72c1614e72aeee3dae.jpg?imwidth=1536,1,,,,,,,,,,,,,,,,,,,,,,,,active
cotton-bodysuit-mantri-mall,,,,,,,,Size,006,,,,,,,shopify,2000.0,deny,manual,299.00,,,,,https://image.hm.com/assets/hm/30/47/30479dbdff17ed78aa788121e00fbc79dd8aa5fa.jpg?imwidth=1536,2,,,,,,,,,,,,,,,,,,,,,,,,
cotton-bodysuit-mantri-mall,,,,,,,,Size,007,,,,,,,shopify,1000.0,deny,manual,299.00,,,,,,,,,,,,,,,,,,,,,,,,,,,,,,
cotton-bodysuit-mantri-mall,,,,,,,,Size,008,,,,,,,shopify,1000.0,deny,manual,299.00,,,,,,,,,,,,,,,,,,,,,,,,,,,,,,
cotton-bodysuit-prestige-falcon-city,Cotton bodysuit,,,Clothing,,"Clothing, baby, Prestige Falcon city",TRUE,Size,005,,,,,,,shopify,2000.0,deny,manual,299.00,,,,,https://image.hm.com/assets/hm/14/27/142754d5db0fca00ecc07c72c1614e72aeee3dae.jpg?imwidth=1536,1,,,,,,,,,,,,,,,,,,,,,,,,active
cotton-bodysuit-prestige-falcon-city,,,,,,,,Size,006,,,,,,,shopify,2000.0,deny,manual,299.00,,,,,https://image.hm.com/assets/hm/30/47/30479dbdff17ed78aa788121e00fbc79dd8aa5fa.jpg?imwidth=1536,2,,,,,,,,,,,,,,,,,,,,,,,,
cotton-bodysuit-prestige-falcon-city,,,,,,,,Size,007,,,,,,,shopify,1000.0,deny,manual,299.00,,,,,,,,,,,,,,,,,,,,,,,,,,,,,,
cotton-bodysuit-prestige-falcon-city,,,,,,,,Size,008,,,,,,,shopify,1000.0,deny,manual,299.00,,,,,,,,,,,,,,,,,,,,,,,,,,,,,,
printed-cotton-t-shirt-mantri-mall,Printed cotton T-shirt,,,Clothing,,"Clothing, baby, Mantri Mall",TRUE,Size,007,,,,,,,shopify,2000.0,deny,manual,399.00,,,,,https://image.hm.com/assets/hm/a3/cd/a3cdc4014639b0f7ace1c938644852e7ebb701cd.jpg?imwidth=1536,1,,,,,,,,,,,,,,,,,,,,,,,,active
printed-cotton-t-shirt-mantri-mall,,,,,,,,Size,008,,,,,,,shopify,1000.0,deny,manual,399.00,,,,,https://image.hm.com/assets/hm/bc/50/bc50a49693cfd3c26683fa00004157e241f7a6d3.jpg?imwidth=1536,2,,,,,,,,,,,,,,,,,,,,,,,,
printed-cotton-t-shirt-prestige-falcon-city,Printed cotton T-shirt,,,Clothing,,"Clothing, baby, Prestige Falcon city",TRUE,Size,007,,,,,,,shopify,1000.0,deny,manual,399.00,,,,,https://image.hm.com/assets/hm/a3/cd/a3cdc4014639b0f7ace1c938644852e7ebb701cd.jpg?imwidth=1536,1,,,,,,,,,,,,,,,,,,,,,,,,active
printed-cotton-t-shirt-prestige-falcon-city,,,,,,,,,,,,,,,,,,,,,,,,,https://image.hm.com/assets/hm/bc/50/bc50a49693cfd3c26683fa00004157e241f7a6d3.jpg?imwidth=1536,2,,,,,,,,,,,,,,,,,,,,,,,,
2-pack-jersey-shorts-prestige-falcon-city,2-pack jersey shorts,,,Clothing,,"Clothing, baby, Prestige Falcon city",TRUE,Size,005,,,,,,,shopify,1000.0,deny,manual,749.00,,,,,https://image.hm.com/assets/hm/6c/67/6c6770093a99654a05b85a2cf2a5e6272347816c.jpg?imwidth=1536,1,,,,,,,,,,,,,,,,,,,,,,,,active
2-pack-jersey-shorts-prestige-falcon-city,,,,,,,,,,,,,,,,,,,,,,,,,https://image.hm.com/assets/hm/0f/9a/0f9ae0ecd2da5d79b024e9e5f9ebcb75845adb8c.jpg?imwidth=1536,2,,,,,,,,,,,,,,,,,,,,,,,,
3-pack-long-sleeved-cotton-bodysuits-mantri-mall,3-pack long-sleeved cotton bodysuits,,,Clothing,,"Clothing, baby, Mantri Mall",TRUE,Size,004,,,,,,,shopify,2000.0,deny,manual,999.00,,,,,https://image.hm.com/assets/hm/c9/fe/c9fea6cfb27a0040d49c6615731eb8e7d37d09e9.jpg?imwidth=1536,1,,,,,,,,,,,,,,,,,,,,,,,,active
3-pack-long-sleeved-cotton-bodysuits-mantri-mall,,,,,,,,,,,,,,,,,,,,,,,,,https://image.hm.com/assets/hm/bf/33/bf33510ad4c4a808445b096817f8f1419c4ce8bd.jpg?imwidth=1536,2,,,,,,,,,,,,,,,,,,,,,,,,
3-pack-long-sleeved-cotton-bodysuits-mantri-mall,,,,,,,,,,,,,,,,,,,,,,,,,https://image.hm.com/assets/hm/6e/56/6e56cab93266a6c4843f492a7e95848979c296eb.jpg?imwidth=1536,3,,,,,,,,,,,,,,,,,,,,,,,,
3-pack-long-sleeved-bodysuits-prestige-falcon-city,3-pack long-sleeved bodysuits,,,Clothing,,"Clothing, baby, Prestige Falcon city",TRUE,Size,004,,,,,,,shopify,2000.0,deny,manual,333.00,,,,,https://image.hm.com/assets/hm/d1/7f/d17f2fccd77c59acc914c4e1c7baa3c2cd8b4f9d.jpg?imwidth=1536,1,,,,,,,,,,,,,,,,,,,,,,,,active
3-pack-long-sleeved-bodysuits-prestige-falcon-city,,,,,,,,,,,,,,,,,,,,,,,,,https://image.hm.com/assets/hm/4b/af/4baf15bb72e861019659f2eea5a75e59bd85cbb0.jpg?imwidth=1536,2,,,,,,,,,,,,,,,,,,,,,,,,
2-pack-short-sleeved-bodysuits-prestige-falcon-city,2-pack short-sleeved bodysuits,,,Clothing,,"Clothing, baby, Prestige Falcon city",TRUE,Size,004,,,,,,,shopify,2000.0,deny,manual,799.00,,,,,https://image.hm.com/assets/hm/cb/3e/cb3e461669b49218080ca7b9fc4eec821b5d868b.jpg?imwidth=1536,1,,,,,,,,,,,,,,,,,,,,,,,,active
2-pack-short-sleeved-bodysuits-prestige-falcon-city,,,,,,,,,,,,,,,,,,,,,,,,,https://image.hm.com/assets/hm/ac/21/ac211ca91bf5e45239f94a8b2cd5f00ecbac2f2e.jpg?imwidth=1536,2,,,,,,,,,,,,,,,,,,,,,,,,
5-pack-knitted-socks-mantri-mall,5-pack knitted socks,,,Clothing,,"Clothing, baby, Mantri Mall",TRUE,Size,002,,,,,,,shopify,1000.0,deny,manual,99.80,,,,,https://image.hm.com/assets/hm/df/3a/df3a02f091498dd5f5a31813087a7b178bfd3b8c.jpg?imwidth=1536,1,,,,,,,,,,,,,,,,,,,,,,,,active
5-pack-knitted-socks-mantri-mall,,,,,,,,,,,,,,,,,,,,,,,,,https://image.hm.com/assets/hm/76/50/76509d51393f8d4f1fe1c302ad971533ef9121c5.jpg?imwidth=1536,2,,,,,,,,,,,,,,,,,,,,,,,,
5-pack-knitted-socks-mantri-mall,,,,,,,,,,,,,,,,,,,,,,,,,https://image.hm.com/assets/hm/aa/cb/aacb5116311d375ba083c4fc29ffa2a2100e7c8e.jpg?imwidth=1536,3,,,,,,,,,,,,,,,,,,,,,,,,
5-pack-knitted-socks-prestige-falcon-city,5-pack knitted socks,,,Clothing,,"Clothing, baby, Prestige Falcon city",TRUE,Size,002,,,,,,,shopify,3000.0,deny,manual,99.80,,,,,https://image.hm.com/assets/hm/df/3a/df3a02f091498dd5f5a31813087a7b178bfd3b8c.jpg?imwidth=1536,1,,,,,,,,,,,,,,,,,,,,,,,,active
5-pack-knitted-socks-prestige-falcon-city,,,,,,,,Size,003,,,,,,,shopify,3000.0,deny,manual,99.80,,,,,https://image.hm.com/assets/hm/76/50/76509d51393f8d4f1fe1c302ad971533ef9121c5.jpg?imwidth=1536,2,,,,,,,,,,,,,,,,,,,,,,,,
5-pack-knitted-socks-prestige-falcon-city,,,,,,,,Size,006,,,,,,,shopify,1000.0,deny,manual,99.80,,,,,https://image.hm.com/assets/hm/aa/cb/aacb5116311d375ba083c4fc29ffa2a2100e7c8e.jpg?imwidth=1536,3,,,,,,,,,,,,,,,,,,,,,,,,
2-piece-top-and-legging-set-mantri-mall,2-piece top and legging set,,,Clothing,,"Clothing, baby, Mantri Mall",TRUE,Size,008,,,,,,,shopify,2000.0,deny,manual,1299.00,,,,,https://image.hm.com/assets/hm/13/4b/134bd94f343dafc2f9881e56bbffa5592e54afa5.jpg?imwidth=1536,1,,,,,,,,,,,,,,,,,,,,,,,,active
2-piece-top-and-legging-set-mantri-mall,,,,,,,,,,,,,,,,,,,,,,,,,https://image.hm.com/assets/hm/33/2c/332cd603fc1bfa977c18fcb4a62d59b0dcd1bb1c.jpg?imwidth=1536,2,,,,,,,,,,,,,,,,,,,,,,,,
2-piece-top-and-legging-set-prestige-falcon-city,2-piece top and legging set,,,Clothing,,"Clothing, baby, Prestige Falcon city",TRUE,Size,007,,,,,,,shopify,1000.0,deny,manual,1299.00,,,,,https://image.hm.com/assets/hm/13/4b/134bd94f343dafc2f9881e56bbffa5592e54afa5.jpg?imwidth=1536,1,,,,,,,,,,,,,,,,,,,,,,,,active
2-piece-top-and-legging-set-prestige-falcon-city,,,,,,,,Size,009,,,,,,,shopify,2000.0,deny,manual,1299.00,,,,,https://image.hm.com/assets/hm/33/2c/332cd603fc1bfa977c18fcb4a62d59b0dcd1bb1c.jpg?imwidth=1536,2,,,,,,,,,,,,,,,,,,,,,,,,
2-pack-cotton-bloomers-mantri-mall,2-pack cotton bloomers,,,Clothing,,"Clothing, baby, Mantri Mall",TRUE,Size,004,,,,,,,shopify,2000.0,deny,manual,799.00,,,,,https://image.hm.com/assets/hm/9a/6a/9a6a642e88128f28d48bbf7db0aff54e1b40b840.jpg?imwidth=1536,1,,,,,,,,,,,,,,,,,,,,,,,,active
2-pack-cotton-bloomers-mantri-mall,,,,,,,,,,,,,,,,,,,,,,,,,https://image.hm.com/assets/hm/75/54/7554fec57367c7ae4b40c4c1a450079fb9bbfb66.jpg?imwidth=1536,2,,,,,,,,,,,,,,,,,,,,,,,,
2-pack-cotton-bloomers-prestige-falcon-city,2-pack cotton bloomers,,,Clothing,,"Clothing, baby, Prestige Falcon city",TRUE,Size,004,,,,,,,shopify,2000.0,deny,manual,799.00,,,,,https://image.hm.com/assets/hm/9a/6a/9a6a642e88128f28d48bbf7db0aff54e1b40b840.jpg?imwidth=1536,1,,,,,,,,,,,,,,,,,,,,,,,,active
2-pack-cotton-bloomers-prestige-falcon-city,,,,,,,,,,,,,,,,,,,,,,,,,https://image.hm.com/assets/hm/75/54/7554fec57367c7ae4b40c4c1a450079fb9bbfb66.jpg?imwidth=1536,2,,,,,,,,,,,,,,,,,,,,,,,,
short-sleeved-cotton-dress-mantri-mall,Short-sleeved cotton dress,,,Clothing,,"Clothing, baby, Mantri Mall",TRUE,Size,006,,,,,,,shopify,2000.0,deny,manual,999.00,,,,,https://image.hm.com/assets/hm/20/f3/20f38729666e6d4e92bd9122bc3615e3b66c291e.jpg?imwidth=1536,1,,,,,,,,,,,,,,,,,,,,,,,,active
short-sleeved-cotton-dress-mantri-mall,,,,,,,,Size,009,,,,,,,shopify,1000.0,deny,manual,999.00,,,,,https://image.hm.com/assets/hm/11/8e/118e665cd3d2a4f74e4b6490aad7987b883e3d4e.jpg?imwidth=1536,2,,,,,,,,,,,,,,,,,,,,,,,,
short-sleeved-cotton-dress-prestige-falcon-city,Short-sleeved cotton dress,,,Clothing,,"Clothing, baby, Prestige Falcon city",TRUE,Size,005,,,,,,,shopify,1000.0,deny,manual,999.00,,,,,https://image.hm.com/assets/hm/20/f3/20f38729666e6d4e92bd9122bc3615e3b66c291e.jpg?imwidth=1536,1,,,,,,,,,,,,,,,,,,,,,,,,active
short-sleeved-cotton-dress-prestige-falcon-city,,,,,,,,Size,009,,,,,,,shopify,2000.0,deny,manual,999.00,,,,,https://image.hm.com/assets/hm/11/8e/118e665cd3d2a4f74e4b6490aad7987b883e3d4e.jpg?imwidth=1536,2,,,,,,,,,,,,,,,,,,,,,,,,
skinny-fit-jeans-mantri-mall,Skinny Fit Jeans,,,Clothing,,"Clothing, baby, Mantri Mall",TRUE,Size,006,,,,,,,shopify,2000.0,deny,manual,799.00,,,,,https://image.hm.com/assets/hm/e3/a8/e3a8cd450ae0e5802e0b961df37eb9bbfc7dfe5f.jpg?imwidth=1536,1,,,,,,,,,,,,,,,,,,,,,,,,active
skinny-fit-jeans-mantri-mall,,,,,,,,,,,,,,,,,,,,,,,,,https://image.hm.com/assets/hm/40/07/4007e9c198b8f8f6f229898669be7eefcd5cda98.jpg?imwidth=1536,2,,,,,,,,,,,,,,,,,,,,,,,,
skinny-fit-jeans-mantri-mall,,,,,,,,,,,,,,,,,,,,,,,,,https://image.hm.com/assets/hm/f6/ec/f6ec5a95c8ed14e901f6555126697d50dc211375.jpg?imwidth=1536,3,,,,,,,,,,,,,,,,,,,,,,,,
tulle-skirt-sweatshirt-dress-mantri-mall,Tulle-skirt sweatshirt dress,,,Clothing,,"Clothing, baby, Mantri Mall",TRUE,Size,005,,,,,,,shopify,3000.0,deny,manual,999.00,,,,,https://image.hm.com/assets/hm/2e/5f/2e5fbafee6b9c3f62f6cd1899ad87f8a4af70a0f.jpg?imwidth=1536,1,,,,,,,,,,,,,,,,,,,,,,,,active
tulle-skirt-sweatshirt-dress-mantri-mall,,,,,,,,Size,006,,,,,,,shopify,3000.0,deny,manual,999.00,,,,,https://image.hm.com/assets/hm/60/ac/60ac0ef20de97b46db663a31c38abf33e32cf41d.jpg?imwidth=1536,2,,,,,,,,,,,,,,,,,,,,,,,,
tulle-skirt-sweatshirt-dress-mantri-mall,,,,,,,,Size,009,,,,,,,shopify,4000.0,deny,manual,999.00,,,,,,,,,,,,,,,,,,,,,,,,,,,,,,
tulle-skirt-sweatshirt-dress-prestige-falcon-city,Tulle-skirt sweatshirt dress,,,Clothing,,"Clothing, baby, Prestige Falcon city",TRUE,Size,008,,,,,,,shopify,2000.0,deny,manual,999.00,,,,,https://image.hm.com/assets/hm/2e/5f/2e5fbafee6b9c3f62f6cd1899ad87f8a4af70a0f.jpg?imwidth=1536,1,,,,,,,,,,,,,,,,,,,,,,,,active
tulle-skirt-sweatshirt-dress-prestige-falcon-city,,,,,,,,,,,,,,,,,,,,,,,,,https://image.hm.com/assets/hm/60/ac/60ac0ef20de97b46db663a31c38abf33e32cf41d.jpg?imwidth=1536,2,,,,,,,,,,,,,,,,,,,,,,,,
patterned-sleepsuit-prestige-falcon-city,Patterned sleepsuit,,,Clothing,,"Clothing, baby, Prestige Falcon city",TRUE,Size,005,,,,,,,shopify,1000.0,deny,manual,799.00,,,,,https://image.hm.com/assets/hm/78/ea/78ea43a933e4c68208748b69ffb16b4fd1c913a0.jpg?imwidth=1536,1,,,,,,,,,,,,,,,,,,,,,,,,active
patterned-sleepsuit-prestige-falcon-city,,,,,,,,,,,,,,,,,,,,,,,,,https://image.hm.com/assets/hm/a0/ae/a0ae45504ad9ae5531969812487c8539b878bda3.jpg?imwidth=1536,2,,,,,,,,,,,,,,,,,,,,,,,,
4-pack-shaftless-socks-prestige-falcon-city,4-pack shaftless socks,,,Clothing,,"Clothing, baby, Prestige Falcon city",TRUE,Size,002,,,,,,,shopify,2000.0,deny,manual,499.00,,,,,https://image.hm.com/assets/hm/25/5c/255c4286b7635ccd88891027c4ddeec9e3eb9f36.jpg?imwidth=1536,1,,,,,,,,,,,,,,,,,,,,,,,,active
4-pack-shaftless-socks-prestige-falcon-city,,,,,,,,,,,,,,,,,,,,,,,,,https://image.hm.com/assets/hm/d2/f3/d2f3a5952898c1c846757f55707d3bc0e764a33e.jpg?imwidth=1536,2,,,,,,,,,,,,,,,,,,,,,,,,
4-pack-shaftless-socks-prestige-falcon-city,,,,,,,,,,,,,,,,,,,,,,,,,https://image.hm.com/assets/hm/72/4b/724b6af01000e9c97bf35adc963f7958fabc9c51.jpg?imwidth=1536,3,,,,,,,,,,,,,,,,,,,,,,,,
2-pack-printed-pyjamas-prestige-falcon-city,2-pack printed pyjamas,,,Clothing,,"Clothing, baby, Prestige Falcon city",TRUE,Size,018,,,,,,,shopify,1000.0,deny,manual,749.50,,,,,https://image.hm.com/assets/hm/62/67/6267715a905fc225b9878b74227edf40b3e9766a.jpg?imwidth=1536,1,,,,,,,,,,,,,,,,,,,,,,,,active
2-pack-printed-pyjamas-prestige-falcon-city,,,,,,,,,,,,,,,,,,,,,,,,,https://image.hm.com/assets/hm/ed/13/ed13b928157181f451f5e58126f578be5fcbd92a.jpg?imwidth=1536,2,,,,,,,,,,,,,,,,,,,,,,,,
2-pack-cotton-jersey-bodysuits-mantri-mall,2-pack cotton jersey bodysuits,,,Clothing,,"Clothing, baby, Mantri Mall",TRUE,Size,005,,,,,,,shopify,2000.0,deny,manual,1299.00,,,,,https://image.hm.com/assets/hm/81/72/8172b427f10e73e1890eb88d25e38509f2016e45.jpg?imwidth=1536,1,,,,,,,,,,,,,,,,,,,,,,,,active
2-pack-cotton-jersey-bodysuits-mantri-mall,,,,,,,,Size,006,,,,,,,shopify,3000.0,deny,manual,1299.00,,,,,https://image.hm.com/assets/hm/80/87/80874091b0785b7e3b894e33d639663627497588.jpg?imwidth=1536,2,,,,,,,,,,,,,,,,,,,,,,,,
2-pack-cotton-jersey-bodysuits-mantri-mall,,,,,,,,,,,,,,,,,,,,,,,,,https://image.hm.com/assets/hm/eb/8c/eb8ccf83253a2ec75e01f7af8c9521ab3ad6c615.jpg?imwidth=1536,3,,,,,,,,,,,,,,,,,,,,,,,,
ribbed-jersey-top-mantri-mall,Ribbed jersey top,,,Clothing,,"Clothing, baby, Mantri Mall",TRUE,Size,008,,,,,,,shopify,3000.0,deny,manual,399.00,,,,,https://image.hm.com/assets/hm/d4/88/d488b5492af706fb6e568d8a432d46b5206cee8a.jpg?imwidth=1536,1,,,,,,,,,,,,,,,,,,,,,,,,active
ribbed-jersey-top-mantri-mall,,,,,,,,,,,,,,,,,,,,,,,,,https://image.hm.com/assets/hm/67/2d/672d226f9a651c383386db7dda8309331d134ab3.jpg?imwidth=1536,2,,,,,,,,,,,,,,,,,,,,,,,,
ribbed-jersey-top-prestige-falcon-city,Ribbed jersey top,,,Clothing,,"Clothing, baby, Prestige Falcon city",TRUE,Size,006,,,,,,,shopify,1000.0,deny,manual,399.00,,,,,https://image.hm.com/assets/hm/d4/88/d488b5492af706fb6e568d8a432d46b5206cee8a.jpg?imwidth=1536,1,,,,,,,,,,,,,,,,,,,,,,,,active
ribbed-jersey-top-prestige-falcon-city,,,,,,,,Size,007,,,,,,,shopify,5000.0,deny,manual,399.00,,,,,https://image.hm.com/assets/hm/67/2d/672d226f9a651c383386db7dda8309331d134ab3.jpg?imwidth=1536,2,,,,,,,,,,,,,,,,,,,,,,,,
3-pack-anti-slip-socks-mantri-mall,3-pack anti-slip socks,,,Clothing,,"Clothing, baby, Mantri Mall",TRUE,Size,002,,,,,,,shopify,1000.0,deny,manual,499.00,,,,,https://image.hm.com/assets/hm/4b/22/4b224297d6f95a0a48a6322a43374921d2e6dda3.jpg?imwidth=1536,1,,,,,,,,,,,,,,,,,,,,,,,,active
3-pack-anti-slip-socks-mantri-mall,,,,,,,,,,,,,,,,,,,,,,,,,https://image.hm.com/assets/hm/06/c5/06c5a299571d8e13806a5a39e7c562316fa07e6a.jpg?imwidth=1536,2,,,,,,,,,,,,,,,,,,,,,,,,
3-pack-anti-slip-socks-mantri-mall,,,,,,,,,,,,,,,,,,,,,,,,,https://image.hm.com/assets/hm/ee/4f/ee4f867de334c6319a68296a324a695723407bd3.jpg?imwidth=1536,3,,,,,,,,,,,,,,,,,,,,,,,,
3-pack-anti-slip-socks-prestige-falcon-city,3-pack anti-slip socks,,,Clothing,,"Clothing, baby, Prestige Falcon city",TRUE,Size,002,,,,,,,shopify,1000.0,deny,manual,499.00,,,,,https://image.hm.com/assets/hm/4b/22/4b224297d6f95a0a48a6322a43374921d2e6dda3.jpg?imwidth=1536,1,,,,,,,,,,,,,,,,,,,,,,,,active
3-pack-anti-slip-socks-prestige-falcon-city,,,,,,,,Size,005,,,,,,,shopify,1000.0,deny,manual,499.00,,,,,https://image.hm.com/assets/hm/06/c5/06c5a299571d8e13806a5a39e7c562316fa07e6a.jpg?imwidth=1536,2,,,,,,,,,,,,,,,,,,,,,,,,
3-pack-anti-slip-socks-prestige-falcon-city,,,,,,,,,,,,,,,,,,,,,,,,,https://image.hm.com/assets/hm/ee/4f/ee4f867de334c6319a68296a324a695723407bd3.jpg?imwidth=1536,3,,,,,,,,,,,,,,,,,,,,,,,,
4-pack-socks-mantri-mall,4-pack socks,,,Clothing,,"Clothing, baby, Mantri Mall",TRUE,Size,004,,,,,,,shopify,1000.0,deny,manual,599.00,,,,,https://image.hm.com/assets/hm/25/6c/256c7a886a8936613b17bc2607546bc733c0070c.jpg?imwidth=1536,1,,,,,,,,,,,,,,,,,,,,,,,,active
4-pack-socks-mantri-mall,,,,,,,,,,,,,,,,,,,,,,,,,https://image.hm.com/assets/hm/bf/33/bf33a73d88ae5836a4783b9e1eb95fa1bf01c13b.jpg?imwidth=1536,2,,,,,,,,,,,,,,,,,,,,,,,,
4-pack-socks-prestige-falcon-city,4-pack socks,,,Clothing,,"Clothing, baby, Prestige Falcon city",TRUE,Size,005,,,,,,,shopify,1000.0,deny,manual,599.00,,,,,https://image.hm.com/assets/hm/25/6c/256c7a886a8936613b17bc2607546bc733c0070c.jpg?imwidth=1536,1,,,,,,,,,,,,,,,,,,,,,,,,active
4-pack-socks-prestige-falcon-city,,,,,,,,,,,,,,,,,,,,,,,,,https://image.hm.com/assets/hm/bf/33/bf33a73d88ae5836a4783b9e1eb95fa1bf01c13b.jpg?imwidth=1536,2,,,,,,,,,,,,,,,,,,,,,,,,
patterned-sleepsuit-prestige-falcon-city,Patterned sleepsuit,,,Clothing,,"Clothing, baby, Prestige Falcon city",TRUE,Size,005,,,,,,,shopify,2000.0,deny,manual,699.00,,,,,https://image.hm.com/assets/hm/79/62/79626795c5b6509a3e99169573bf1a959195f4f5.jpg?imwidth=1536,1,,,,,,,,,,,,,,,,,,,,,,,,active
patterned-sleepsuit-prestige-falcon-city,,,,,,,,Size,020,,,,,,,shopify,2000.0,deny,manual,699.00,,,,,https://image.hm.com/assets/hm/c2/98/c298ec510f8b542031203ef8bd93ad4cc932f6b6.jpg?imwidth=1536,2,,,,,,,,,,,,,,,,,,,,,,,,
jeans-prestige-falcon-city,Jeans,,,Clothing,,"Clothing, baby, Prestige Falcon city",TRUE,Size,007,,,,,,,shopify,3000.0,deny,manual,1299.00,,,,,https://image.hm.com/assets/hm/b8/55/b855c1b272956809209e6dff1f203411df233f63.jpg?imwidth=1536,1,,,,,,,,,,,,,,,,,,,,,,,,active
jeans-prestige-falcon-city,,,,,,,,,,,,,,,,,,,,,,,,,https://image.hm.com/assets/hm/52/40/5240934bef73d00e44e59650ff5b55db6ff94681.jpg?imwidth=1536,2,,,,,,,,,,,,,,,,,,,,,,,,
jeans-prestige-falcon-city,,,,,,,,,,,,,,,,,,,,,,,,,https://image.hm.com/assets/hm/8f/dd/8fdd1ecb7933e351f3830fe97e8c72a1df2f07fa.jpg?imwidth=1536,3,,,,,,,,,,,,,,,,,,,,,,,,
jeans-prestige-falcon-city,,,,,,,,,,,,,,,,,,,,,,,,,https://image.hm.com/assets/hm/58/e9/58e973265c32e5ebfc127878c051822658f2e9d8.jpg?imwidth=1536,4,,,,,,,,,,,,,,,,,,,,,,,,
jeans-prestige-falcon-city,,,,,,,,,,,,,,,,,,,,,,,,,https://image.hm.com/assets/hm/b8/0c/b80c6a42bce53e14acc703d71573cde1c0f511bc.jpg?imwidth=1536,5,,,,,,,,,,,,,,,,,,,,,,,,
jeans-prestige-falcon-city,,,,,,,,,,,,,,,,,,,,,,,,,https://image.hm.com/assets/hm/58/a2/58a2e6ef63e52395cb97ed35a3799b320b9dfaa8.jpg?imwidth=1536,6,,,,,,,,,,,,,,,,,,,,,,,,
jeans-prestige-falcon-city,,,,,,,,,,,,,,,,,,,,,,,,,https://image.hm.com/assets/hm/b5/1a/b51a76295d70c9696735f51382f01b43e7c1e59c.jpg?imwidth=1536,7,,,,,,,,,,,,,,,,,,,,,,,,
printed-sweatshirt-dress-mantri-mall,Printed sweatshirt dress,,,Clothing,,"Clothing, baby, Mantri Mall",TRUE,Size,007,,,,,,,shopify,1000.0,deny,manual,1299.00,,,,,https://image.hm.com/assets/hm/ce/3a/ce3a40b869c95a7656b3873ea14ec5e2132171d8.jpg?imwidth=1536,1,,,,,,,,,,,,,,,,,,,,,,,,active
printed-sweatshirt-dress-mantri-mall,,,,,,,,,,,,,,,,,,,,,,,,,https://image.hm.com/assets/hm/cf/84/cf84cc28cd789cfeb66b2818b2a8307fe07c0c58.jpg?imwidth=1536,2,,,,,,,,,,,,,,,,,,,,,,,,
printed-sweatshirt-dress-prestige-falcon-city,Printed sweatshirt dress,,,Clothing,,"Clothing, baby, Prestige Falcon city",TRUE,Size,008,,,,,,,shopify,2000.0,deny,manual,1299.00,,,,,https://image.hm.com/assets/hm/ce/3a/ce3a40b869c95a7656b3873ea14ec5e2132171d8.jpg?imwidth=1536,1,,,,,,,,,,,,,,,,,,,,,,,,active
printed-sweatshirt-dress-prestige-falcon-city,,,,,,,,Size,009,,,,,,,shopify,2000.0,deny,manual,1299.00,,,,,https://image.hm.com/assets/hm/cf/84/cf84cc28cd789cfeb66b2818b2a8307fe07c0c58.jpg?imwidth=1536,2,,,,,,,,,,,,,,,,,,,,,,,,
frill-trimmed-cotton-top-mantri-mall,Frill-trimmed cotton top,,,Clothing,,"Clothing, baby, Mantri Mall",TRUE,Size,008,,,,,,,shopify,2000.0,deny,manual,499.00,,,,,https://image.hm.com/assets/hm/1a/73/1a7364072ac272d5d198233fe44617d317f869e9.jpg?imwidth=1536,1,,,,,,,,,,,,,,,,,,,,,,,,active
frill-trimmed-cotton-top-mantri-mall,,,,,,,,,,,,,,,,,,,,,,,,,https://image.hm.com/assets/hm/8c/24/8c2489354246bfd8f434cb7c898c1ae2d5e1d789.jpg?imwidth=1536,2,,,,,,,,,,,,,,,,,,,,,,,,
frill-trimmed-cotton-top-prestige-falcon-city,Frill-trimmed cotton top,,,Clothing,,"Clothing, baby, Prestige Falcon city",TRUE,Size,007,,,,,,,shopify,1000.0,deny,manual,499.00,,,,,https://image.hm.com/assets/hm/1a/73/1a7364072ac272d5d198233fe44617d317f869e9.jpg?imwidth=1536,1,,,,,,,,,,,,,,,,,,,,,,,,active
frill-trimmed-cotton-top-prestige-falcon-city,,,,,,,,,,,,,,,,,,,,,,,,,https://image.hm.com/assets/hm/8c/24/8c2489354246bfd8f434cb7c898c1ae2d5e1d789.jpg?imwidth=1536,2,,,,,,,,,,,,,,,,,,,,,,,,
heart-pocket-jeans-mantri-mall,Heart-pocket jeans,,,Clothing,,"Clothing, baby, Mantri Mall",TRUE,Size,004,,,,,,,shopify,1000.0,deny,manual,1299.00,,,,,https://image.hm.com/assets/hm/9f/6d/9f6d75f94551c9087cf58f021534771fe158b1d5.jpg?imwidth=1536,1,,,,,,,,,,,,,,,,,,,,,,,,active
heart-pocket-jeans-mantri-mall,,,,,,,,Size,006,,,,,,,shopify,2000.0,deny,manual,1299.00,,,,,https://image.hm.com/assets/hm/f5/3b/f53b3f360e588e082810f620304e47f0bb165a99.jpg?imwidth=1536,2,,,,,,,,,,,,,,,,,,,,,,,,
heart-pocket-jeans-mantri-mall,,,,,,,,,,,,,,,,,,,,,,,,,https://image.hm.com/assets/hm/34/fb/34fb8d15536c11a9d5af71714b4274537c7d454a.jpg?imwidth=1536,3,,,,,,,,,,,,,,,,,,,,,,,,
heart-pocket-jeans-prestige-falcon-city,Heart-pocket jeans,,,Clothing,,"Clothing, baby, Prestige Falcon city",TRUE,Size,005,,,,,,,shopify,2000.0,deny,manual,1299.00,,,,,https://image.hm.com/assets/hm/9f/6d/9f6d75f94551c9087cf58f021534771fe158b1d5.jpg?imwidth=1536,1,,,,,,,,,,,,,,,,,,,,,,,,active
heart-pocket-jeans-prestige-falcon-city,,,,,,,,,,,,,,,,,,,,,,,,,https://image.hm.com/assets/hm/f5/3b/f53b3f360e588e082810f620304e47f0bb165a99.jpg?imwidth=1536,2,,,,,,,,,,,,,,,,,,,,,,,,
heart-pocket-jeans-prestige-falcon-city,,,,,,,,,,,,,,,,,,,,,,,,,https://image.hm.com/assets/hm/34/fb/34fb8d15536c11a9d5af71714b4274537c7d454a.jpg?imwidth=1536,3,,,,,,,,,,,,,,,,,,,,,,,,
heart-pocket-jeans-mantri-mall,Heart-pocket jeans,,,Clothing,,"Clothing, baby, Mantri Mall",TRUE,Size,004,,,,,,,shopify,1000.0,deny,manual,1299.00,,,,,https://image.hm.com/assets/hm/9f/6d/9f6d75f94551c9087cf58f021534771fe158b1d5.jpg?imwidth=1536,1,,,,,,,,,,,,,,,,,,,,,,,,active
heart-pocket-jeans-mantri-mall,,,,,,,,Size,006,,,,,,,shopify,2000.0,deny,manual,1299.00,,,,,https://image.hm.com/assets/hm/f5/3b/f53b3f360e588e082810f620304e47f0bb165a99.jpg?imwidth=1536,2,,,,,,,,,,,,,,,,,,,,,,,,
heart-pocket-jeans-mantri-mall,,,,,,,,,,,,,,,,,,,,,,,,,https://image.hm.com/assets/hm/34/fb/34fb8d15536c11a9d5af71714b4274537c7d454a.jpg?imwidth=1536,3,,,,,,,,,,,,,,,,,,,,,,,,
heart-pocket-jeans-prestige-falcon-city,Heart-pocket jeans,,,Clothing,,"Clothing, baby, Prestige Falcon city",TRUE,Size,005,,,,,,,shopify,2000.0,deny,manual,1299.00,,,,,https://image.hm.com/assets/hm/9f/6d/9f6d75f94551c9087cf58f021534771fe158b1d5.jpg?imwidth=1536,1,,,,,,,,,,,,,,,,,,,,,,,,active
heart-pocket-jeans-prestige-falcon-city,,,,,,,,,,,,,,,,,,,,,,,,,https://image.hm.com/assets/hm/f5/3b/f53b3f360e588e082810f620304e47f0bb165a99.jpg?imwidth=1536,2,,,,,,,,,,,,,,,,,,,,,,,,
heart-pocket-jeans-prestige-falcon-city,,,,,,,,,,,,,,,,,,,,,,,,,https://image.hm.com/assets/hm/34/fb/34fb8d15536c11a9d5af71714b4274537c7d454a.jpg?imwidth=1536,3,,,,,,,,,,,,,,,,,,,,,,,,
cotton-leggings-prestige-falcon-city,Cotton leggings,,,Clothing,,"Clothing, baby, Prestige Falcon city",TRUE,Size,005,,,,,,,shopify,1000.0,deny,manual,499.00,,,,,https://image.hm.com/assets/hm/f2/02/f20276f1b718e74e3807cc1e6e3ca2af58ba7f9a.jpg?imwidth=1536,1,,,,,,,,,,,,,,,,,,,,,,,,active
cotton-leggings-prestige-falcon-city,,,,,,,,Size,006,,,,,,,shopify,1000.0,deny,manual,499.00,,,,,https://image.hm.com/assets/hm/3d/33/3d33df2731d8f54bfded7249bf8cb4ea175da445.jpg?imwidth=1536,2,,,,,,,,,,,,,,,,,,,,,,,,
cotton-leggings-prestige-falcon-city,,,,,,,,Size,007,,,,,,,shopify,1000.0,deny,manual,499.00,,,,,https://image.hm.com/assets/hm/70/ca/70ca0cd6eff7b5b59aad87628291d7be008f8a87.jpg?imwidth=1536,3,,,,,,,,,,,,,,,,,,,,,,,,
cotton-leggings-prestige-falcon-city,,,,,,,,Size,008,,,,,,,shopify,2000.0,deny,manual,499.00,,,,,https://image.hm.com/assets/hm/ee/5e/ee5ea33fb6103733e2b5c2baffd6ec5f42c1f556.jpg?imwidth=1536,4,,,,,,,,,,,,,,,,,,,,,,,,
collared-cotton-top-prestige-falcon-city,Collared cotton top,,,Clothing,,"Clothing, baby, Prestige Falcon city",TRUE,Size,007,,,,,,,shopify,3000.0,deny,manual,499.00,,,,,https://image.hm.com/assets/hm/fc/84/fc847d31ba3bd28defdfb1735eec3f7afea4bef5.jpg?imwidth=1536,1,,,,,,,,,,,,,,,,,,,,,,,,active
collared-cotton-top-prestige-falcon-city,,,,,,,,Size,008,,,,,,,shopify,3000.0,deny,manual,499.00,,,,,https://image.hm.com/assets/hm/ef/9a/ef9a9ca5b1605c9b1c72eb6e3ba16ef14698571d.jpg?imwidth=1536,2,,,,,,,,,,,,,,,,,,,,,,,,
collared-cotton-top-prestige-falcon-city,,,,,,,,,,,,,,,,,,,,,,,,,https://image.hm.com/assets/hm/e2/f1/e2f11cf4c5ba686d83a02dc544c40e3d8fd70dd4.jpg?imwidth=1536,3,,,,,,,,,,,,,,,,,,,,,,,,
collared-cotton-top-prestige-falcon-city,,,,,,,,,,,,,,,,,,,,,,,,,https://image.hm.com/assets/hm/b1/d3/b1d36ec24dda72cbbe02005d2bc2b9f3b3f7f8cc.jpg?imwidth=1536,4,,,,,,,,,,,,,,,,,,,,,,,,
collared-cotton-top-prestige-falcon-city,,,,,,,,,,,,,,,,,,,,,,,,,https://image.hm.com/assets/hm/ad/95/ad95cf7a1df37b347f3765f79ee1592c269d5e8a.jpg?imwidth=1536,5,,,,,,,,,,,,,,,,,,,,,,,,
short-sleeved-cotton-dress-mantri-mall,Short-sleeved cotton dress,,,Clothing,,"Clothing, baby, Mantri Mall",TRUE,Size,005,,,,,,,shopify,1000.0,deny,manual,999.00,,,,,https://image.hm.com/assets/hm/68/3f/683f74e8fe82c478d7a36b0fbe93a7d2a43787ae.jpg?imwidth=1536,1,,,,,,,,,,,,,,,,,,,,,,,,active
short-sleeved-cotton-dress-mantri-mall,,,,,,,,Size,009,,,,,,,shopify,1000.0,deny,manual,999.00,,,,,https://image.hm.com/assets/hm/46/c3/46c3493a025dbef495ff50292a5dcb9a00ceac4d.jpg?imwidth=1536,2,,,,,,,,,,,,,,,,,,,,,,,,
crinkled-jersey-romper-suit-mantri-mall,Crinkled jersey romper suit,,,Clothing,,"Clothing, baby, Mantri Mall",TRUE,Size,005,,,,,,,shopify,1000.0,deny,manual,799.00,,,,,https://image.hm.com/assets/hm/b5/6f/b56fee5d0168de2ca4a7a228ab385ff1f1da2a8f.jpg?imwidth=1536,1,,,,,,,,,,,,,,,,,,,,,,,,active
crinkled-jersey-romper-suit-mantri-mall,,,,,,,,,,,,,,,,,,,,,,,,,https://image.hm.com/assets/hm/94/fb/94fbc5050e7ba9c5d67fecf72692b648457295c7.jpg?imwidth=1536,2,,,,,,,,,,,,,,,,,,,,,,,,
pintuck-leggings-mantri-mall,Pintuck leggings,,,Clothing,,"Clothing, baby, Mantri Mall",TRUE,Size,004,,,,,,,shopify,1000.0,deny,manual,699.00,,,,,https://image.hm.com/assets/hm/11/26/1126e082b3edd49c057e4d3756eb93c29dcaba0b.jpg?imwidth=1536,1,,,,,,,,,,,,,,,,,,,,,,,,active
pintuck-leggings-mantri-mall,,,,,,,,Size,005,,,,,,,shopify,1000.0,deny,manual,699.00,,,,,https://image.hm.com/assets/hm/10/90/1090c0075873b350281ce4c98224306d5f17a612.jpg?imwidth=1536,2,,,,,,,,,,,,,,,,,,,,,,,,
pintuck-leggings-mantri-mall,,,,,,,,Size,006,,,,,,,shopify,3000.0,deny,manual,699.00,,,,,,,,,,,,,,,,,,,,,,,,,,,,,,
pintuck-leggings-mantri-mall,,,,,,,,Size,007,,,,,,,shopify,2000.0,deny,manual,699.00,,,,,,,,,,,,,,,,,,,,,,,,,,,,,,
pintuck-leggings-mantri-mall,,,,,,,,Size,008,,,,,,,shopify,2000.0,deny,manual,699.00,,,,,,,,,,,,,,,,,,,,,,,,,,,,,,
pintuck-leggings-prestige-falcon-city,Pintuck leggings,,,Clothing,,"Clothing, baby, Prestige Falcon city",TRUE,Size,004,,,,,,,shopify,1000.0,deny,manual,699.00,,,,,https://image.hm.com/assets/hm/11/26/1126e082b3edd49c057e4d3756eb93c29dcaba0b.jpg?imwidth=1536,1,,,,,,,,,,,,,,,,,,,,,,,,active
pintuck-leggings-prestige-falcon-city,,,,,,,,Size,005,,,,,,,shopify,1000.0,deny,manual,699.00,,,,,https://image.hm.com/assets/hm/10/90/1090c0075873b350281ce4c98224306d5f17a612.jpg?imwidth=1536,2,,,,,,,,,,,,,,,,,,,,,,,,
pintuck-leggings-prestige-falcon-city,,,,,,,,Size,006,,,,,,,shopify,2000.0,deny,manual,699.00,,,,,,,,,,,,,,,,,,,,,,,,,,,,,,
pintuck-leggings-prestige-falcon-city,,,,,,,,Size,007,,,,,,,shopify,2000.0,deny,manual,699.00,,,,,,,,,,,,,,,,,,,,,,,,,,,,,,
collared-blouse-mantri-mall,Collared blouse,,,Clothing,,"Clothing, baby, Mantri Mall",TRUE,Size,005,,,,,,,shopify,1000.0,deny,manual,1299.00,,,,,https://image.hm.com/assets/hm/8a/d3/8ad3c1e5f763d88906448613bd2c26bcfb367aca.jpg?imwidth=1536,1,,,,,,,,,,,,,,,,,,,,,,,,active
collared-blouse-mantri-mall,,,,,,,,Size,007,,,,,,,shopify,1000.0,deny,manual,1299.00,,,,,https://image.hm.com/assets/hm/00/fe/00fe7bf52f48f7c271e79f0d40623237ac0a08f0.jpg?imwidth=1536,2,,,,,,,,,,,,,,,,,,,,,,,,
collared-blouse-prestige-falcon-city,Collared blouse,,,Clothing,,"Clothing, baby, Prestige Falcon city",TRUE,Size,007,,,,,,,shopify,1000.0,deny,manual,1299.00,,,,,https://image.hm.com/assets/hm/8a/d3/8ad3c1e5f763d88906448613bd2c26bcfb367aca.jpg?imwidth=1536,1,,,,,,,,,,,,,,,,,,,,,,,,active
collared-blouse-prestige-falcon-city,,,,,,,,Size,008,,,,,,,shopify,1000.0,deny,manual,1299.00,,,,,https://image.hm.com/assets/hm/00/fe/00fe7bf52f48f7c271e79f0d40623237ac0a08f0.jpg?imwidth=1536,2,,,,,,,,,,,,,,,,,,,,,,,,
2-pack-zip-up-sleepsuits-mantri-mall,2-pack zip-up sleepsuits,,,Clothing,,"Clothing, baby, Mantri Mall",TRUE,Size,002,,,,,,,shopify,1000.0,deny,manual,1499.00,,,,,https://image.hm.com/assets/hm/d5/a0/d5a0995f077d60669e4bca2dab7e4c9c294632fa.jpg?imwidth=1536,1,,,,,,,,,,,,,,,,,,,,,,,,active
2-pack-zip-up-sleepsuits-mantri-mall,,,,,,,,,,,,,,,,,,,,,,,,,https://image.hm.com/assets/hm/d3/0e/d30eb891e3181b16f3001e0efb54c9f82e65186b.jpg?imwidth=1536,2,,,,,,,,,,,,,,,,,,,,,,,,
2-pack-zip-up-sleepsuits-prestige-falcon-city,2-pack zip-up sleepsuits,,,Clothing,,"Clothing, baby, Prestige Falcon city",TRUE,Size,018,,,,,,,shopify,1000.0,deny,manual,1499.00,,,,,https://image.hm.com/assets/hm/d5/a0/d5a0995f077d60669e4bca2dab7e4c9c294632fa.jpg?imwidth=1536,1,,,,,,,,,,,,,,,,,,,,,,,,active
2-pack-zip-up-sleepsuits-prestige-falcon-city,,,,,,,,Size,019,,,,,,,shopify,2000.0,deny,manual,1499.00,,,,,https://image.hm.com/assets/hm/d3/0e/d30eb891e3181b16f3001e0efb54c9f82e65186b.jpg?imwidth=1536,2,,,,,,,,,,,,,,,,,,,,,,,,
2-pack-zip-up-sleepsuits-prestige-falcon-city,,,,,,,,Size,020,,,,,,,shopify,1000.0,deny,manual,1499.00,,,,,,,,,,,,,,,,,,,,,,,,,,,,,,
2-pack-jersey-shorts-mantri-mall,2-pack jersey shorts,,,Clothing,,"Clothing, baby, Mantri Mall",TRUE,Size,005,,,,,,,shopify,1000.0,deny,manual,749.00,,,,,https://image.hm.com/assets/hm/c3/f0/c3f0f1cfce731e54340849c996addfa1292c7cd1.jpg?imwidth=1536,1,,,,,,,,,,,,,,,,,,,,,,,,active
2-pack-jersey-shorts-mantri-mall,,,,,,,,,,,,,,,,,,,,,,,,,https://image.hm.com/assets/hm/13/49/13492668ae82745280478b356ba7492deaf51661.jpg?imwidth=1536,2,,,,,,,,,,,,,,,,,,,,,,,,
2-pack-leggings-mantri-mall,2-pack leggings,,,Clothing,,"Clothing, baby, Mantri Mall",TRUE,Size,004,,,,,,,shopify,1000.0,deny,manual,999.00,,,,,https://image.hm.com/assets/hm/f8/96/f8963176cedf4fc46b9f6222e85e2201c3322c96.jpg?imwidth=1536,1,,,,,,,,,,,,,,,,,,,,,,,,active
2-pack-leggings-mantri-mall,,,,,,,,Size,005,,,,,,,shopify,1000.0,deny,manual,999.00,,,,,https://image.hm.com/assets/hm/f8/e7/f8e7196005280ad21861781d3e67bceeb8c1dc33.jpg?imwidth=1536,2,,,,,,,,,,,,,,,,,,,,,,,,
2-pack-leggings-mantri-mall,,,,,,,,Size,006,,,,,,,shopify,1000.0,deny,manual,999.00,,,,,,,,,,,,,,,,,,,,,,,,,,,,,,
2-pack-leggings-mantri-mall,,,,,,,,Size,007,,,,,,,shopify,1000.0,deny,manual,999.00,,,,,,,,,,,,,,,,,,,,,,,,,,,,,,
2-pack-leggings-mantri-mall,,,,,,,,Size,008,,,,,,,shopify,1000.0,deny,manual,999.00,,,,,,,,,,,,,,,,,,,,,,,,,,,,,,
2-pack-leggings-mantri-mall,,,,,,,,Size,032,,,,,,,shopify,1000.0,deny,manual,999.00,,,,,,,,,,,,,,,,,,,,,,,,,,,,,,
2-pack-leggings-prestige-falcon-city,2-pack leggings,,,Clothing,,"Clothing, baby, Prestige Falcon city",TRUE,Size,004,,,,,,,shopify,1000.0,deny,manual,999.00,,,,,https://image.hm.com/assets/hm/f8/96/f8963176cedf4fc46b9f6222e85e2201c3322c96.jpg?imwidth=1536,1,,,,,,,,,,,,,,,,,,,,,,,,active
2-pack-leggings-prestige-falcon-city,,,,,,,,Size,005,,,,,,,shopify,1000.0,deny,manual,999.00,,,,,https://image.hm.com/assets/hm/f8/e7/f8e7196005280ad21861781d3e67bceeb8c1dc33.jpg?imwidth=1536,2,,,,,,,,,,,,,,,,,,,,,,,,
2-pack-leggings-prestige-falcon-city,,,,,,,,Size,006,,,,,,,shopify,1000.0,deny,manual,999.00,,,,,,,,,,,,,,,,,,,,,,,,,,,,,,
2-pack-leggings-prestige-falcon-city,,,,,,,,Size,007,,,,,,,shopify,1000.0,deny,manual,999.00,,,,,,,,,,,,,,,,,,,,,,,,,,,,,,
2-pack-leggings-prestige-falcon-city,,,,,,,,Size,008,,,,,,,shopify,1000.0,deny,manual,999.00,,,,,,,,,,,,,,,,,,,,,,,,,,,,,,
2-pack-leggings-prestige-falcon-city,,,,,,,,Size,032,,,,,,,shopify,1000.0,deny,manual,999.00,,,,,,,,,,,,,,,,,,,,,,,,,,,,,,
